Plot Item,Plot Title,LSL,USL,To Plot,Figure
FOS_650NITS_W10_10HZ WU dYOverPanelratio,FOS_650NITS_W10_10HZ WU dYOverPanel,70,100,Yes,01_LGU dY_1
FOS_10NITS_W63_10HZ WU dYOverPanelratio,FOS_10NITS_W63_10HZ WU dYOverPanel,70,100,Yes,01_LGU dY_2
FOS_10NITS_W42_10HZ WU dYOverPanelratio,FOS_10NITS_W42_10HZ WU dYOverPanel,70,100,Yes,01_LGU dY_1
FOS_10NITS_W42_1HZ WU dYOverPanelratio,FOS_10NITS_W42_1HZ WU dYOverPanel,70,100,Yes,01_LGU dY_1
FOS_155NITS_W10_10HZ WU dYOverPanelratio,FOS_155NITS_W10_10HZ WU dYOverPanel,70,100,Yes,01_LGU dY_1
FOS_10NITS_W31_10HZ WU dYOverPanelratio,FOS_10NITS_W31_10HZ WU dYOverPanel,70,100,Yes,01_LGU dY_2
FOS_10NITS_W23_10HZ WU dYOverPanelratio,FOS_10NITS_W23_10HZ WU dYOverPanel,70,100,Yes,01_LGU dY_2
FOS_10NITS_W11_10HZ WU dYOverPanelratio,FOS_10NITS_W11_10HZ WU dYOverPanel,70,100,Yes,01_LGU dY_2
FOS_650NITS_W10_10HZ WU duvOverPanel,FOS_650NITS_W10_10HZ WU duvOverPanel,0,0.01,Yes,02_LGU duv_1
FOS_10NITS_W63_10HZ WU duvOverPanel,FOS_10NITS_W63_10HZ WU duvOverPanel,0,0.012,Yes,02_LGU duv_2
FOS_10NITS_W42_10HZ WU duvOverPanel,FOS_10NITS_W42_10HZ WU duvOverPanel,0,0.03,Yes,02_LGU duv_1
FOS_10NITS_W42_1HZ WU duvOverPanel,FOS_10NITS_W42_1HZ WU duvOverPanel,0,0.03,Yes,02_LGU duv_1
FOS_155NITS_W10_10HZ WU duvOverPanel,FOS_155NITS_W10_10HZ WU duvOverPanel,0,0.03,Yes,02_LGU duv_1
FOS_10NITS_W31_10HZ WU duvOverPanel,FOS_10NITS_W31_10HZ WU duvOverPanel,0,0.03,Yes,02_LGU duv_2
FOS_10NITS_W23_10HZ WU duvOverPanel,FOS_10NITS_W23_10HZ WU duvOverPanel,0,0.03,Yes,02_LGU duv_2
FOS_10NITS_W11_10HZ WU duvOverPanel,FOS_10NITS_W11_10HZ WU duvOverPanel,0,0.04,Yes,02_LGU duv_2
FOS_650NITS_W255_10HZ WU dYOverPanelratio,FOS_650NITS_W255_10HZ WU dYOverPanel,73,100,Yes,03_650nit W255_1
FOS_650NITS_W255_10HZ BLSH Band_V_d12_cen,FOS_650NITS_W255_10HZ BLSH Band_V,0,0.9,Yes,03_650nit W255_2
FOS_650NITS_W255_10HZ WU frameGreen,FOS_650NITS_W255_10HZ WU frameGreen,0,6.5,Yes,03_650nit W255_2
FOS_650NITS_W255_10HZ BLSH dimBlob_max_cen,FOS_650NITS_W255_10HZ BLSH dimBlob_max_cen,0,5,Yes,03_650nit W255_2
FOS_650NITS_W255_10HZ WU duvOverPanel,FOS_650NITS_W255_10HZ WU duvOverPanel,0,0.01,Yes,03_650nit W255_1
FOS_650NITS_W255_10HZ WU duvWorstNeig,FOS_650NITS_W255_10HZ WU duvWorstNeig,0,0.004,Yes,03_650nit W255_1
FOS_650NITS_W255_10HZ WU framePink,FOS_650NITS_W255_10HZ WU framePink,0,6,Yes,03_650nit W255_1
FOS_650NITS_W255_10HZ BLSH litBlob_max_cen,FOS_650NITS_W255_10HZ BLSH litBlob_max_cen,0,4.5,Yes,03_650nit W255_2
FOS_650NITS_W63_10HZ WU dYOverPanelratio,FOS_650NITS_W63_10HZ WU dYOverPanel,75,100,Yes,04_650nit W63_1
FOS_650NITS_W63_10HZ BLSH vblock_score,FOS_650NITS_W63_10HZ BLSH vblock_score,0,4,Yes,04_650nit W63_1
FOS_650NITS_W63_10HZ CU LUCen,FOS_650NITS_W63_10HZ CU LUCen,0,0.4,Yes,04_650nit W63_2
FOS_650NITS_W63_10HZ CU DUVCen,FOS_650NITS_W63_10HZ CU DUVCen,0,9.5,Yes,04_650nit W63_2
FOS_650NITS_W63_10HZ WU duvOverPanel,FOS_650NITS_W63_10HZ WU duvOverPanel,0,0.01,Yes,04_650nit W63_1
FOS_650NITS_W63_10HZ WU duvWorstNeig,FOS_650NITS_W63_10HZ WU duvWorstNeig,0,0.004,Yes,04_650nit W63_1
FOS_650NITS_W63_10HZ CU LUEdge,FOS_650NITS_W63_10HZ CU LUEdge,0,0.5,Yes,04_650nit W63_2
FOS_650NITS_W63_10HZ CU DUVEdge,FOS_650NITS_W63_10HZ CU DUVEdge,0,10.5,Yes,04_650nit W63_2
FOS_650NITS_W10_10HZ WU dYOverPanelratio,FOS_650NITS_W10_10HZ WU dYOverPanel,70,100,Yes,05_650nit W10
FOS_650NITS_W10_10HZ WU frameGreen,FOS_650NITS_W10_10HZ WU frameGreen,0,6,Yes,05_650nit W10
FOS_650NITS_W10_10HZ BLSH Band_V_d12_cen,FOS_650NITS_W10_10HZ BLSH Band_V_d12_cen,0,3.5,Yes,05_650nit W10
FOS_650NITS_W10_10HZ WU duvOverPanel,FOS_650NITS_W10_10HZ WU duvOverPanel,0,0.01,Yes,05_650nit W10
FOS_650NITS_W10_10HZ WU framePink,FOS_650NITS_W10_10HZ WU framePink,0,9,Yes,05_650nit W10
FOS_650NITS_W10_10HZ BLSH WKI,FOS_650NITS_W10_10HZ BLSH WKI,0,2,Yes,05_650nit W10
FOS_155NITS_CHECKER_10HZ WU dYOverPanelratio,FOS_155NITS_CHECKER_10HZ WU dYOverPanel,73,100,Yes,06_155nit Checker & 100nit W255
FOS_155NITS_CHECKER_10HZ WU duvOverPanel,FOS_155NITS_CHECKER_10HZ WU duvOverPanel,0,0.012,Yes,06_155nit Checker & 100nit W255
FOS_155NITS_CHECKER_10HZ WU duvWorstNeig,FOS_155NITS_CHECKER_10HZ WU duvWorstNeig,0,0.005,Yes,06_155nit Checker & 100nit W255
FOS_100NITS_W255_10HZ WU dYOverPanelratio,FOS_100NITS_W255_10HZ WU dYOverPanel,75,100,Yes,06_155nit Checker & 100nit W255
FOS_100NITS_W255_10HZ WU duvOverPanel,FOS_100NITS_W255_10HZ WU duvOverPanel,0,0.01,Yes,06_155nit Checker & 100nit W255
FOS_100NITS_W255_10HZ BLSH Band_V_d12_cen,FOS_100NITS_W255_10HZ BLSH Band_V_d12_cen,0,1.2,Yes,06_155nit Checker & 100nit W255
FOS_650NITS_W255_10HZ WU dYExtraAratio,FOS_650NITS_W255_10HZ WU dYExtraAratio,0.98,1.02,Yes,07_dYExtraAratio_1
FOS_650NITS_W63_10HZ WU dYExtraAratio,FOS_650NITS_W63_10HZ WU dYExtraAratio,0.98,1.02,Yes,07_dYExtraAratio_1
FOS_650NITS_W10_10HZ WU dYExtraAratio,FOS_650NITS_W10_10HZ WU dYExtraAratio,0.95,1.05,Yes,07_dYExtraAratio_1
FOS_155NITS_W10_10HZ WU dYExtraAratio,FOS_155NITS_W10_10HZ WU dYExtraAratio,0.86,1.14,Yes,07_dYExtraAratio_1
FOS_10NITS_W42_1HZ WU dYExtraAratio,FOS_10NITS_W42_1HZ WU dYExtraAratio,0.88,1.12,Yes,07_dYExtraAratio_2
FOS_10NITS_W31_10HZ WU dYExtraAratio,FOS_10NITS_W31_10HZ WU dYExtraAratio,0.88,1.12,Yes,07_dYExtraAratio_2
FOS_10NITS_W23_10HZ WU dYExtraAratio,FOS_10NITS_W23_10HZ WU dYExtraAratio,0.88,1.12,Yes,07_dYExtraAratio_2
FOS_10NITS_W11_10HZ WU dYExtraAratio,FOS_10NITS_W11_10HZ WU dYExtraAratio,0.88,1.12,Yes,07_dYExtraAratio_2
FOS_650NITS_W255_10HZ WU dYExtraBratio,FOS_650NITS_W255_10HZ WU dYExtraBratio,0.98,1.02,Yes,08_dYExtraBratio_1
FOS_650NITS_W63_10HZ WU dYExtraBratio,FOS_650NITS_W63_10HZ WU dYExtraBratio,0.98,1.02,Yes,08_dYExtraBratio_1
FOS_650NITS_W10_10HZ WU dYExtraBratio,FOS_650NITS_W10_10HZ WU dYExtraBratio,0.95,1.05,Yes,08_dYExtraBratio_1
FOS_155NITS_W10_10HZ WU dYExtraBratio,FOS_155NITS_W10_10HZ WU dYExtraBratio,0.86,1.14,Yes,08_dYExtraBratio_1
FOS_10NITS_W42_1HZ WU dYExtraBratio,FOS_10NITS_W42_1HZ WU dYExtraBratio,0.88,1.12,Yes,08_dYExtraBratio_2
FOS_10NITS_W31_10HZ WU dYExtraBratio,FOS_10NITS_W31_10HZ WU dYExtraBratio,0.88,1.12,Yes,08_dYExtraBratio_2
FOS_10NITS_W23_10HZ WU dYExtraBratio,FOS_10NITS_W23_10HZ WU dYExtraBratio,0.88,1.12,Yes,08_dYExtraBratio_2
FOS_10NITS_W11_10HZ WU dYExtraBratio,FOS_10NITS_W11_10HZ WU dYExtraBratio,0.88,1.12,Yes,08_dYExtraBratio_2
FOS_650NITS_W255_10HZ WU dYExtraCratio,FOS_650NITS_W255_10HZ WU dYExtraCratio,0.95,1.05,Yes,09_dYExtraCratio_1
FOS_650NITS_W63_10HZ WU dYExtraCratio,FOS_650NITS_W63_10HZ WU dYExtraCratio,0.95,1.05,Yes,09_dYExtraCratio_1
FOS_650NITS_W10_10HZ WU dYExtraCratio,FOS_650NITS_W10_10HZ WU dYExtraCratio,0.94,1.06,Yes,09_dYExtraCratio_1
FOS_155NITS_W10_10HZ WU dYExtraCratio,FOS_155NITS_W10_10HZ WU dYExtraCratio,0.75,1.25,Yes,09_dYExtraCratio_1
FOS_10NITS_W42_1HZ WU dYExtraCratio,FOS_10NITS_W42_1HZ WU dYExtraCratio,0.8,1.2,Yes,09_dYExtraCratio_2
FOS_10NITS_W31_10HZ WU dYExtraCratio,FOS_10NITS_W31_10HZ WU dYExtraCratio,0.73,1.27,Yes,09_dYExtraCratio_2
FOS_10NITS_W23_10HZ WU dYExtraCratio,FOS_10NITS_W23_10HZ WU dYExtraCratio,0.83,1.17,Yes,09_dYExtraCratio_2
FOS_10NITS_W11_10HZ WU dYExtraCratio,FOS_10NITS_W11_10HZ WU dYExtraCratio,0.73,1.27,Yes,09_dYExtraCratio_2
FOS_650NITS_W255_10HZ WU dYExtraDratio,FOS_650NITS_W255_10HZ WU dYExtraDratio,0.95,1.05,Yes,10_dYExtraDratio_1
FOS_650NITS_W63_10HZ WU dYExtraDratio,FOS_650NITS_W63_10HZ WU dYExtraDratio,0.95,1.05,Yes,10_dYExtraDratio_1
FOS_650NITS_W10_10HZ WU dYExtraDratio,FOS_650NITS_W10_10HZ WU dYExtraDratio,0.94,1.06,Yes,10_dYExtraDratio_1
FOS_155NITS_W10_10HZ WU dYExtraDratio,FOS_155NITS_W10_10HZ WU dYExtraDratio,0.75,1.25,Yes,10_dYExtraDratio_1
FOS_10NITS_W42_1HZ WU dYExtraDratio,FOS_10NITS_W42_1HZ WU dYExtraDratio,0.8,1.2,Yes,10_dYExtraDratio_2
FOS_10NITS_W31_10HZ WU dYExtraDratio,FOS_10NITS_W31_10HZ WU dYExtraDratio,0.73,1.27,Yes,10_dYExtraDratio_2
FOS_10NITS_W23_10HZ WU dYExtraDratio,FOS_10NITS_W23_10HZ WU dYExtraDratio,0.83,1.17,Yes,10_dYExtraDratio_2
FOS_10NITS_W11_10HZ WU dYExtraDratio,FOS_10NITS_W11_10HZ WU dYExtraDratio,0.73,1.27,Yes,10_dYExtraDratio_2
FOS_650NITS_W255_10HZ WU duvExtraA,FOS_650NITS_W255_10HZ WU duvExtraA,0,0.002,Yes,11_duvExtraA_1
FOS_650NITS_W63_10HZ WU duvExtraA,FOS_650NITS_W63_10HZ WU duvExtraA,0,0.002,Yes,11_duvExtraA_1
FOS_650NITS_W10_10HZ WU duvExtraA,FOS_650NITS_W10_10HZ WU duvExtraA,0,0.004,Yes,11_duvExtraA_1
FOS_155NITS_W10_10HZ WU duvExtraA,FOS_155NITS_W10_10HZ WU duvExtraA,0,0.011,Yes,11_duvExtraA_1
FOS_10NITS_W42_1HZ WU duvExtraA,FOS_10NITS_W42_1HZ WU duvExtraA,0,0.01,Yes,11_duvExtraA_2
FOS_10NITS_W31_10HZ WU duvExtraA,FOS_10NITS_W31_10HZ WU duvExtraA,0,0.01,Yes,11_duvExtraA_2
FOS_10NITS_W23_10HZ WU duvExtraA,FOS_10NITS_W23_10HZ WU duvExtraA,0,0.01,Yes,11_duvExtraA_2
FOS_10NITS_W11_10HZ WU duvExtraA,FOS_10NITS_W11_10HZ WU duvExtraA,0,0.017,Yes,11_duvExtraA_2
FOS_650NITS_W255_10HZ WU duvExtraB,FOS_650NITS_W255_10HZ WU duvExtraB,0,0.002,Yes,12_duvExtraB_1
FOS_650NITS_W63_10HZ WU duvExtraB,FOS_650NITS_W63_10HZ WU duvExtraB,0,0.002,Yes,12_duvExtraB_1
FOS_650NITS_W10_10HZ WU duvExtraB,FOS_650NITS_W10_10HZ WU duvExtraB,0,0.004,Yes,12_duvExtraB_1
FOS_155NITS_W10_10HZ WU duvExtraB,FOS_155NITS_W10_10HZ WU duvExtraB,0,0.011,Yes,12_duvExtraB_1
FOS_10NITS_W42_1HZ WU duvExtraB,FOS_10NITS_W42_1HZ WU duvExtraB,0,0.01,Yes,12_duvExtraB_2
FOS_10NITS_W31_10HZ WU duvExtraB,FOS_10NITS_W31_10HZ WU duvExtraB,0,0.01,Yes,12_duvExtraB_2
FOS_10NITS_W23_10HZ WU duvExtraB,FOS_10NITS_W23_10HZ WU duvExtraB,0,0.01,Yes,12_duvExtraB_2
FOS_10NITS_W11_10HZ WU duvExtraB,FOS_10NITS_W11_10HZ WU duvExtraB,0,0.017,Yes,12_duvExtraB_2
FOS_650NITS_W255_10HZ WU duvExtraC,FOS_650NITS_W255_10HZ WU duvExtraC,0,0.003,Yes,13_duvExtraC_1
FOS_650NITS_W63_10HZ WU duvExtraC,FOS_650NITS_W63_10HZ WU duvExtraC,0,0.004,Yes,13_duvExtraC_1
FOS_650NITS_W10_10HZ WU duvExtraC,FOS_650NITS_W10_10HZ WU duvExtraC,0,0.005,Yes,13_duvExtraC_1
FOS_155NITS_W10_10HZ WU duvExtraC,FOS_155NITS_W10_10HZ WU duvExtraC,0,0.015,Yes,13_duvExtraC_1
FOS_10NITS_W42_1HZ WU duvExtraC,FOS_10NITS_W42_1HZ WU duvExtraC,0,0.015,Yes,13_duvExtraC_2
FOS_10NITS_W31_10HZ WU duvExtraC,FOS_10NITS_W31_10HZ WU duvExtraC,0,0.025,Yes,13_duvExtraC_2
FOS_10NITS_W23_10HZ WU duvExtraC,FOS_10NITS_W23_10HZ WU duvExtraC,0,0.025,Yes,13_duvExtraC_2
FOS_10NITS_W11_10HZ WU duvExtraC,FOS_10NITS_W11_10HZ WU duvExtraC,0,0.025,Yes,13_duvExtraC_2
FOS_650NITS_W255_10HZ WU duvExtraD,FOS_650NITS_W255_10HZ WU duvExtraD,0,0.003,Yes,14_duvExtraD_1
FOS_650NITS_W63_10HZ WU duvExtraD,FOS_650NITS_W63_10HZ WU duvExtraD,0,0.004,Yes,14_duvExtraD_1
FOS_650NITS_W10_10HZ WU duvExtraD,FOS_650NITS_W10_10HZ WU duvExtraD,0,0.005,Yes,14_duvExtraD_1
FOS_155NITS_W10_10HZ WU duvExtraD,FOS_155NITS_W10_10HZ WU duvExtraD,0,0.015,Yes,14_duvExtraD_1
FOS_10NITS_W42_1HZ WU duvExtraD,FOS_10NITS_W42_1HZ WU duvExtraD,0,0.015,Yes,14_duvExtraD_2
FOS_10NITS_W31_10HZ WU duvExtraD,FOS_10NITS_W31_10HZ WU duvExtraD,0,0.025,Yes,14_duvExtraD_2
FOS_10NITS_W23_10HZ WU duvExtraD,FOS_10NITS_W23_10HZ WU duvExtraD,0,0.025,Yes,14_duvExtraD_2
FOS_10NITS_W11_10HZ WU duvExtraD,FOS_10NITS_W11_10HZ WU duvExtraD,0,0.025,Yes,14_duvExtraD_2
FOS_650NITS_W255_10HZ BLSH NLD,FOS_650NITS_W255_10HZ BLSH NLD,0,6.5,Yes,15_NLD_1
FOS_650NITS_W63_10HZ BLSH NLD,FOS_650NITS_W63_10HZ BLSH NLD,0,8,Yes,15_NLD_1
FOS_650NITS_W10_10HZ BLSH NLD,FOS_650NITS_W10_10HZ BLSH NLD,0,25,Yes,15_NLD_1
FOS_155NITS_W10_10HZ BLSH NLD,FOS_155NITS_W10_10HZ BLSH NLD,0,55,Yes,15_NLD_1
FOS_10NITS_W42_1HZ BLSH NLD,FOS_10NITS_W42_1HZ BLSH NLD,0,35,Yes,15_NLD_2
FOS_10NITS_W31_10HZ BLSH NLD,FOS_10NITS_W31_10HZ BLSH NLD,0,50,Yes,15_NLD_2
FOS_10NITS_W23_10HZ BLSH NLD,FOS_10NITS_W23_10HZ BLSH NLD,0,60,Yes,15_NLD_2
FOS_10NITS_W11_10HZ BLSH NLD,FOS_10NITS_W11_10HZ BLSH NLD,0,100,Yes,15_NLD_2
FOS_650NITS_W255_10HZ BLSH NotchFL_IndB,FOS_650NITS_W255_10HZ BLSH NotchFL,0,6.5,Yes,16_NFL_1
FOS_650NITS_W63_10HZ BLSH NotchFL_IndB,FOS_650NITS_W63_10HZ BLSH NotchFL,0,7,Yes,16_NFL_1
FOS_650NITS_W10_10HZ BLSH NotchFL_IndB,FOS_650NITS_W10_10HZ BLSH NotchFL,0,15,Yes,16_NFL_1
FOS_155NITS_W10_10HZ BLSH NotchFL_IndB,FOS_155NITS_W10_10HZ BLSH NotchFL,0,30,Yes,16_NFL_1
FOS_10NITS_W42_1HZ BLSH NotchFL_IndB,FOS_10NITS_W42_1HZ BLSH NotchFL,0,24,Yes,16_NFL_2
FOS_10NITS_W31_10HZ BLSH NotchFL_IndB,FOS_10NITS_W31_10HZ BLSH NotchFL,0,25,Yes,16_NFL_2
FOS_10NITS_W23_10HZ BLSH NotchFL_IndB,FOS_10NITS_W23_10HZ BLSH NotchFL,0,38,Yes,16_NFL_2
FOS_10NITS_W11_10HZ BLSH NotchFL_IndB,FOS_10NITS_W11_10HZ BLSH NotchFL,0,60,Yes,16_NFL_2
FOS_650NITS_W10_10HZ WU dYOverPanelratio,FOS_650NITS_W10_10HZ WU dYOverPanelratio,70,100,Yes,17_1G1O LGU Temp
FOS_155NITS_W10_10HZ WU dYOverPanelratio,FOS_155NITS_W10_10HZ WU dYOverPanelratio,70,100,Yes,17_1G1O LGU Temp
FOS_650NITS_W10_10HZ WU duvOverPanel,FOS_650NITS_W10_10HZ WU duvOverPanel,0,0.01,Yes,17_1G1O LGU Temp
FOS_155NITS_W10_10HZ WU duvOverPanel,FOS_155NITS_W10_10HZ WU duvOverPanel,0,0.03,Yes,17_1G1O LGU Temp
FOS_650NITS_W63_10HZ WU dYExtraAratio,FOS_650NITS_W63_10HZ WU dYExtraAratio,0.98,1.02,Yes,18_650nit W63 10Hz Temp
FOS_650NITS_W63_10HZ WU dYExtraBratio,FOS_650NITS_W63_10HZ WU dYExtraBratio,0.98,1.02,Yes,18_650nit W63 10Hz Temp
FOS_650NITS_W63_10HZ BLSH NLD,FOS_650NITS_W63_10HZ BLSH NLD,0,8,Yes,18_650nit W63 10Hz Temp
FOS_650NITS_W63_10HZ WU duvExtraA,FOS_650NITS_W63_10HZ WU duvExtraA,0,0.002,Yes,18_650nit W63 10Hz Temp
FOS_650NITS_W63_10HZ WU duvExtraB,FOS_650NITS_W63_10HZ WU duvExtraB,0,0.002,Yes,18_650nit W63 10Hz Temp
FOS_650NITS_W63_10HZ BLSH NotchFL_IndB,FOS_650NITS_W63_10HZ BLSH NotchFL_IndB,0,7,Yes,18_650nit W63 10Hz Temp
FOS_650NITS_W63_1HZ WU dYExtraAratio,FOS_650NITS_W63_1HZ WU dYExtraAratio,0.98,1.02,Yes,19_650nit W63 1Hz Temp
FOS_650NITS_W63_1HZ WU dYExtraBratio,FOS_650NITS_W63_1HZ WU dYExtraBratio,0.98,1.02,Yes,19_650nit W63 1Hz Temp
FOS_650NITS_W63_1HZ BLSH NLD,FOS_650NITS_W63_1HZ BLSH NLD,0,8,Yes,19_650nit W63 1Hz Temp
FOS_650NITS_W63_1HZ WU duvExtraA,FOS_650NITS_W63_1HZ WU duvExtraA,0,0.002,Yes,19_650nit W63 1Hz Temp
FOS_650NITS_W63_1HZ WU duvExtraB,FOS_650NITS_W63_1HZ WU duvExtraB,0,0.002,Yes,19_650nit W63 1Hz Temp
FOS_650NITS_W63_1HZ BLSH NotchFL_IndB,FOS_650NITS_W63_1HZ BLSH NotchFL_IndB,0,7,Yes,19_650nit W63 1Hz Temp
FOS_650NITS_W255_10HZ WU dYExtraAratio,FOS_650NITS_W255_10HZ WU dYExtraAratio,0.98,1.02,Yes,20_HighGrayHiAA_dY Temp_1
FOS_650NITS_W255_10HZ WU dYExtraBratio,FOS_650NITS_W255_10HZ WU dYExtraBratio,0.98,1.02,Yes,20_HighGrayHiAA_dY Temp_1
FOS_650NITS_W255_10HZ WU dYExtraCratio,FOS_650NITS_W255_10HZ WU dYExtraCratio,0.95,1.05,Yes,20_HighGrayHiAA_dY Temp_1
FOS_650NITS_W255_10HZ WU dYExtraDratio,FOS_650NITS_W255_10HZ WU dYExtraDratio,0.95,1.05,Yes,20_HighGrayHiAA_dY Temp_1
FOS_650NITS_W63_10HZ WU dYExtraAratio,FOS_650NITS_W63_10HZ WU dYExtraAratio,0.98,1.02,Yes,20_HighGrayHiAA_dY Temp_2
FOS_650NITS_W63_10HZ WU dYExtraBratio,FOS_650NITS_W63_10HZ WU dYExtraBratio,0.98,1.02,Yes,20_HighGrayHiAA_dY Temp_2
FOS_650NITS_W63_10HZ WU dYExtraCratio,FOS_650NITS_W63_10HZ WU dYExtraCratio,0.95,1.05,Yes,20_HighGrayHiAA_dY Temp_2
FOS_650NITS_W63_10HZ WU dYExtraDratio,FOS_650NITS_W63_10HZ WU dYExtraDratio,0.95,1.05,Yes,20_HighGrayHiAA_dY Temp_2
FOS_650NITS_W255_10HZ WU duvExtraA,FOS_650NITS_W255_10HZ WU duvExtraA,0,0.002,Yes,21_HighGrayHiAA_duv Temp_1
FOS_650NITS_W255_10HZ WU duvExtraB,FOS_650NITS_W255_10HZ WU duvExtraB,0,0.002,Yes,21_HighGrayHiAA_duv Temp_1
FOS_650NITS_W255_10HZ WU duvExtraC,FOS_650NITS_W255_10HZ WU duvExtraC,0,0.003,Yes,21_HighGrayHiAA_duv Temp_1
FOS_650NITS_W255_10HZ WU duvExtraD,FOS_650NITS_W255_10HZ WU duvExtraD,0,0.003,Yes,21_HighGrayHiAA_duv Temp_1
FOS_650NITS_W63_10HZ WU duvExtraA,FOS_650NITS_W63_10HZ WU duvExtraA,0,0.002,Yes,21_HighGrayHiAA_duv Temp_2
FOS_650NITS_W63_10HZ WU duvExtraB,FOS_650NITS_W63_10HZ WU duvExtraB,0,0.002,Yes,21_HighGrayHiAA_duv Temp_2
FOS_650NITS_W63_10HZ WU duvExtraC,FOS_650NITS_W63_10HZ WU duvExtraC,0,0.004,Yes,21_HighGrayHiAA_duv Temp_2
FOS_650NITS_W63_10HZ WU duvExtraD,FOS_650NITS_W63_10HZ WU duvExtraD,0,0.004,Yes,21_HighGrayHiAA_duv Temp_2
FOS_650NITS_W255_10HZ BLSH Band_H_d12_cen,FOS_650NITS_W255_10HZ BLSH Band_H_d12_cen,0,0.9,Yes,22_Band_H_1
FOS_100NITS_W255_10HZ BLSH Band_H_d12_cen,FOS_100NITS_W255_10HZ BLSH Band_H_d12_cen,0,1.2,Yes,22_Band_H_1
FOS_650NITS_W63_10HZ BLSH Band_H_d12_cen,FOS_650NITS_W63_10HZ BLSH Band_H_d12_cen,0,1.4,Yes,22_Band_H_1
FOS_650NITS_W10_10HZ BLSH Band_H_d12_cen,FOS_650NITS_W10_10HZ BLSH Band_H_d12_cen,0,3.5,,22_Band_H_1
FOS_10NITS_W42_10HZ BLSH Band_H_d12_cen,FOS_10NITS_W42_10HZ BLSH Band_H_d12_cen,0,5.7,,22_Band_H_2
FOS_10NITS_W31_10HZ BLSH Band_H_d12_cen,FOS_10NITS_W31_10HZ BLSH Band_H_d12_cen,0,6,,22_Band_H_2
FOS_10NITS_W23_10HZ BLSH Band_H_d12_cen,FOS_10NITS_W23_10HZ BLSH Band_H_d12_cen,0,7,,22_Band_H_2
FOS_10NITS_W11_10HZ BLSH Band_H_d12_cen,FOS_10NITS_W11_10HZ BLSH Band_H_d12_cen,0,10,,22_Band_H_2
FOS_650NITS_W10_10HZ BLSH dimLine_h_Index,FOS_650NITS_W10_10HZ BLSH dimLine_h_Index,0,15,,23_dimLine_h_1
FOS_650NITS_W255_10HZ BLSH dimLine_h_Index,FOS_650NITS_W255_10HZ BLSH dimLine_h_Index,0,7,,23_dimLine_h_1
FOS_650NITS_W63_10HZ BLSH dimLine_h_Index,FOS_650NITS_W63_10HZ BLSH dimLine_h_Index,0,4.15,,23_dimLine_h_1
FOS_650NITS_W63_1HZ BLSH dimLine_h_Index,FOS_650NITS_W63_1HZ BLSH dimLine_h_Index,0,4.15,,23_dimLine_h_1
FOS_10NITS_W42_10HZ BLSH Band_H_bright,FOS_10NITS_W42_10HZ BLSH Band_H_bright,0,2.8,,23_dimLine_h_2
FOS_10NITS_W42_10HZ BLSH Band_H_dark,FOS_10NITS_W42_10HZ BLSH Band_H_dark,-2.8,0,,23_dimLine_h_2
FOS_10NITS_W42_1HZ BLSH Band_H_bright,FOS_10NITS_W42_1HZ BLSH Band_H_bright,0,2.8,,23_dimLine_h_2
FOS_10NITS_W42_1HZ BLSH Band_H_dark,FOS_10NITS_W42_1HZ BLSH Band_H_dark,-2.8,0,,23_dimLine_h_2
