Plot Item,Plot Title,LSL,USL,To Plot,Figure
M151_772NITS_W113_FOS BLSH dimLine_v_Index,M151_772NITS_W113_FOS BLSH dimLine_v_Index,,6.5,Yes,772NITS W113 | BLSH
M151_772NITS_W113_FOS BLSH dimLine_h_Index,M151_772NITS_W113_FOS BLSH dimLine_h_Index,,3,Yes,772NITS W113 | BLSH
M151_129NITS_W27_FOS EM MaxNoiseRatioScore,M151_129NITS_W27_FOS EM MaxNoiseRatioScore,,0.9,Yes,129NITS W27 | EM
M151_129NITS_W27_FOS EM MaxBrightEdgeScore,M151_129NITS_W27_FOS EM MaxBrightEdgeScore,,6.5,Yes,129NITS W27 | EM
M151_129NITS_W27_FOS BLSH dimPixel_total_volume,M151_129NITS_W27_FOS BLSH dimPixel_total_volume,,20,Yes,129NITS W27 | Sandy
M151_129NITS_W27_FOS BLSH litPixel_max_cen,M151_129NITS_W27_FOS BLSH litPixel_max_cen,,50,Yes,129NITS W27 | Sandy
M151_129NITS_W27_FOS BLSH litPixel_max_edg,M151_129NITS_W27_FOS BLSH litPixel_max_edg,,70,Yes,129NITS W27 | Sandy
M151_129NITS_W27_FOS BLSH litPixel_max_cor,M151_129NITS_W27_FOS BLSH litPixel_max_cor,,50,Yes,129NITS W27 | Sandy
M151_129NITS_W27_FOS BLSH NPS_mura_index,M151_129NITS_W27_FOS BLSH NPS_mura_index,,0.15,Yes,129NITS W27 | Sandy
M151_129NITS_W27_FOS BLSH contrastWS_1,M151_129NITS_W27_FOS BLSH contrastWS_1,,100,Yes,129NITS W27 | BLSH WS
M151_129NITS_W27_FOS BLSH contrastWS_edge_1,M151_129NITS_W27_FOS BLSH contrastWS_edge_1,,190,Yes,129NITS W27 | BLSH WS
M151_129NITS_W27_FOS BLSH contrastDS_1,M151_129NITS_W27_FOS BLSH contrastDS_1,,100,Yes,129NITS W27 | BLSH DS
M151_129NITS_W27_FOS BLSH contrastDS_edge_1,M151_129NITS_W27_FOS BLSH contrastDS_edge_1,,190,Yes,129NITS W27 | BLSH DS
M151_129NITS_W27_FOS BLSH Band_H_bright,M151_129NITS_W27_FOS BLSH Band_H_bright,,4.5,Yes,129NITS W27 | BLSH Band
M151_129NITS_W27_FOS BLSH Band_V_bright,M151_129NITS_W27_FOS BLSH Band_V_bright,,4.5,Yes,129NITS W27 | BLSH Band
M151_129NITS_W27_FOS BLSH Band_H_d12_cen,M151_129NITS_W27_FOS BLSH Band_H_d12_cen,,7,Yes,129NITS W27 | BLSH Band
M151_129NITS_W27_FOS BLSH Band_V_d12_cen,M151_129NITS_W27_FOS BLSH Band_V_d12_cen,,7,Yes,129NITS W27 | BLSH Band
M151_129NITS_W27_FOS BLSH dimLine_v_Index,M151_129NITS_W27_FOS BLSH dimLine_v_Index,,55,Yes,129NITS W27 | BLSH dimLine
M151_129NITS_W27_FOS BLSH dimLine_h_Index,M151_129NITS_W27_FOS BLSH dimLine_h_Index,,40,Yes,129NITS W27 | BLSH dimLine
LT4_FOS_772NITS_W456_10HZ WU GLumUniformity,LT4_FOS_772NITS_W456_10HZ WU GLumUniformity,85,100,Yes,772NITS W456 | WU dY
LT4_FOS_772NITS_W456_10HZ WU duvOverPanel,LT4_FOS_772NITS_W456_10HZ WU duvOverPanel,,0.0093,Yes,772NITS W456 | WU dY
LT4_FOS_772NITS_W456_10HZ WU duvLongEdge,LT4_FOS_772NITS_W456_10HZ WU duvLongEdge,,0.005,Yes,772NITS W456 | WU
LT4_FOS_772NITS_W456_10HZ WU duvShortEdge,LT4_FOS_772NITS_W456_10HZ WU duvShortEdge,,0.005,Yes,772NITS W456 | WU
LT4_FOS_772NITS_W456_10HZ WU duvWorstNeig,LT4_FOS_772NITS_W456_10HZ WU duvWorstNeig,,0.0032,Yes,772NITS W456 | WU
LT4_FOS_772NITS_W456_10HZ WU duvWRTCen,LT4_FOS_772NITS_W456_10HZ WU duvWRTCen,,0.0071,Yes,772NITS W456 | WU
LT4_FOS_772NITS_W456_10HZ CU DUVCen,LT4_FOS_772NITS_W456_10HZ CU DUVCen,,5.5,Yes,772NITS W456 | CU
LT4_FOS_772NITS_W456_10HZ CU DUVEdge,LT4_FOS_772NITS_W456_10HZ CU DUVEdge,,5.5,Yes,772NITS W456 | CU
LT4_FOS_772NITS_W456_10HZ CU LUCen,LT4_FOS_772NITS_W456_10HZ CU LUCen,,0.6,Yes,772NITS W456 | CU
LT4_FOS_772NITS_W456_10HZ CU LUEdge,LT4_FOS_772NITS_W456_10HZ CU LUEdge,,0.6,Yes,772NITS W456 | CU
LT4_FOS_772NITS_W18_10HZ WU GLumUniformity,LT4_FOS_772NITS_W18_10HZ WU GLumUniformity,75,100,Yes,772NITS W18 | WU dY
LT4_FOS_772NITS_W18_10HZ WU duvOverPanel,LT4_FOS_772NITS_W18_10HZ WU duvOverPanel,,0.01,Yes,772NITS W18 | WU dY
LT4_FOS_772NITS_W18_10HZ WU duvLongEdge,LT4_FOS_772NITS_W18_10HZ WU duvLongEdge,,0.0055,Yes,772NITS W18 | WU
LT4_FOS_772NITS_W18_10HZ WU duvShortEdge,LT4_FOS_772NITS_W18_10HZ WU duvShortEdge,,0.0055,Yes,772NITS W18 | WU
LT4_FOS_772NITS_W18_10HZ WU duvWorstNeig,LT4_FOS_772NITS_W18_10HZ WU duvWorstNeig,,0.0042,Yes,772NITS W18 | WU
LT4_FOS_772NITS_W18_10HZ WU duvWRTCen,LT4_FOS_772NITS_W18_10HZ WU duvWRTCen,,0.0083,Yes,772NITS W18 | WU
LT4_FOS_772NITS_W18_10HZ BLSH dimLine_h_Index,LT4_FOS_772NITS_W18_10HZ BLSH dimLine_h_Index,,5,Yes,772NITS W18 | BLSH
LT4_FOS_772NITS_W18_10HZ BLSH dimLine_h_subRegionMax,LT4_FOS_772NITS_W18_10HZ BLSH dimLine_h_subRegionMax,,5,Yes,772NITS W18 | BLSH
LT4_FOS_772NITS_W18_10HZ BLSH dimLine_v_Index,LT4_FOS_772NITS_W18_10HZ BLSH dimLine_v_Index,,5,Yes,772NITS W18 | BLSH
LT4_FOS_772NITS_W18_10HZ BLSH dimLine_v_subRegionMax,LT4_FOS_772NITS_W18_10HZ BLSH dimLine_v_subRegionMax,,5,Yes,772NITS W18 | BLSH
LT4_FOS_772NITS_W18_10HZ BLSH multiBand_H,LT4_FOS_772NITS_W18_10HZ BLSH multiBand_H,,6.4,Yes,772NITS W18 | BLSH
LT4_FOS_772NITS_W18_10HZ BLSH multiBand_V,LT4_FOS_772NITS_W18_10HZ BLSH multiBand_V,,6.4,Yes,772NITS W18 | BLSH
LT4_FOS_772NITS_W18_10HZ CU DUVCen,LT4_FOS_772NITS_W18_10HZ CU DUVCen,,13,Yes,772NITS W18 | CU
LT4_FOS_772NITS_W18_10HZ CU DUVEdge,LT4_FOS_772NITS_W18_10HZ CU DUVEdge,,13,Yes,772NITS W18 | CU
LT4_FOS_772NITS_W18_10HZ CU LUCen,LT4_FOS_772NITS_W18_10HZ CU LUCen,,1.1,Yes,772NITS W18 | CU
LT4_FOS_772NITS_W18_10HZ CU LUEdge,LT4_FOS_772NITS_W18_10HZ CU LUEdge,,1.1,Yes,772NITS W18 | CU
LT4_FOS_20NITS_W47_10HZ WU GLumUniformity,LT4_FOS_20NITS_W47_10HZ WU GLumUniformity,70,100,Yes,20NITS W47 | WU dY
LT4_FOS_20NITS_W47_10HZ WU duvOverPanel,LT4_FOS_20NITS_W47_10HZ WU duvOverPanel,,0.025,Yes,20NITS W47 | WU dY
LT4_FOS_20NITS_W47_10HZ BLSH dimLine_h_Index,LT4_FOS_20NITS_W47_10HZ BLSH dimLine_h_Index,,8,Yes,20NITS W47 | dimLine
LT4_FOS_20NITS_W47_10HZ BLSH dimLine_h_subRegionMax,LT4_FOS_20NITS_W47_10HZ BLSH dimLine_h_subRegionMax,,8,Yes,20NITS W47 | dimLine
LT4_FOS_20NITS_W47_10HZ BLSH dimLine_v_Index,LT4_FOS_20NITS_W47_10HZ BLSH dimLine_v_Index,,8.5,Yes,20NITS W47 | dimLine
LT4_FOS_20NITS_W47_10HZ BLSH dimLine_v_subRegionMax,LT4_FOS_20NITS_W47_10HZ BLSH dimLine_v_subRegionMax,,8.5,Yes,20NITS W47 | dimLine
LT4_FOS_20NITS_W47_10HZ BLSH multiBand2_H,LT4_FOS_20NITS_W47_10HZ BLSH multiBand2_H,,15,Yes,20NITS W47 | BLSH
LT4_FOS_20NITS_W47_10HZ BLSH multiBand2_V,LT4_FOS_20NITS_W47_10HZ BLSH multiBand2_V,,15,Yes,20NITS W47 | BLSH
LT4_FOS_20NITS_W47_10HZ CU DUVCen,LT4_FOS_20NITS_W47_10HZ CU DUVCen,,13,Yes,20NITS W47 | CU
LT4_FOS_20NITS_W47_10HZ CU DUVEdge,LT4_FOS_20NITS_W47_10HZ CU DUVEdge,,13,Yes,20NITS W47 | CU
LT4_FOS_20NITS_W47_10HZ CU LUCen,LT4_FOS_20NITS_W47_10HZ CU LUCen,,1.1,Yes,20NITS W47 | CU
LT4_FOS_20NITS_W47_10HZ CU LUEdge,LT4_FOS_20NITS_W47_10HZ CU LUEdge,,1.1,Yes,20NITS W47 | CU
