Plot Item,Plot Title,LSL,USL,To Plot,Figure
CA410_3000NITS_W0_APL100_120HZ_Y,CA410_3000NITS_W0_APL100_120HZ_Y,,0.001,Yes,A1
CA410_100NITS_W0_APL100_120HZ_Y,CA410_100NITS_W0_APL100_120HZ_Y,,0.001,Yes,A1
CA410_10NITS_W0_APL100_120HZ_Y,CA410_10NITS_W0_APL100_120HZ_Y,,0.001,Yes,A1
CA410_10NITS_R51_APL100_120HZ_Y,CA410_10NITS_R51_APL100_120HZ_Y,0.01,0.1,Yes,A1
CA410_10NITS_G51_APL100_120HZ_Y,CA410_10NITS_G51_APL100_120HZ_Y,0.01,0.4,Yes,A1
CA410_10NITS_B51_APL100_120HZ_Y,CA410_10NITS_B51_APL100_120HZ_Y,0.01,0.03,Yes,A1
CA410_FLK_650NITS_W255_APL100_10HZ_AFM,CA410_FLK_650NITS_W255_APL100_10HZ_AFM,,-1,Yes,A2
CA410_FLK_650NITS_W255_APL100_10HZ_OLD_AFM,CA410_FLK_650NITS_W255_APL100_10HZ_OLD_AFM,,1,Yes,A2
CA410_FLK_650NITS_W255_APL100_1HZ_OLD_AFM,CA410_FLK_650NITS_W255_APL100_1HZ_OLD_AFM,,1,Yes,A2
CA410_FLK_100NITS_W255_APL100_10HZ_AFM,CA410_FLK_100NITS_W255_APL100_10HZ_AFM,,-1,Yes,A2
CA410_FLK_100NITS_W255_APL100_10HZ_OLD_AFM,CA410_FLK_100NITS_W255_APL100_10HZ_OLD_AFM,,1,Yes,A2
CA410_FLK_100NITS_W255_APL100_1HZ_OLD_AFM,CA410_FLK_100NITS_W255_APL100_1HZ_OLD_AFM,,2.5,Yes,A2
CA410_FLK_100NITS_W63_APL100_10HZ_AFM,CA410_FLK_100NITS_W63_APL100_10HZ_AFM,,-1,Yes,A3
CA410_FLK_100NITS_W63_APL100_10HZ_OLD_AFM,CA410_FLK_100NITS_W63_APL100_10HZ_OLD_AFM,,1,Yes,A3
CA410_FLK_100NITS_W63_APL100_1HZ_OLD_AFM,CA410_FLK_100NITS_W63_APL100_1HZ_OLD_AFM,,3.5,Yes,A3
CA410_FLK_10NITS_W168_APL100_10HZ_AFM,CA410_FLK_10NITS_W168_APL100_10HZ_AFM,,-1,Yes,A3
CA410_FLK_10NITS_W168_APL100_10HZ_OLD_AFM,CA410_FLK_10NITS_W168_APL100_10HZ_OLD_AFM,,1,Yes,A3
CA410_FLK_10NITS_W168_APL100_1HZ_OLD_AFM,CA410_FLK_10NITS_W168_APL100_1HZ_OLD_AFM,,1,Yes,A3
CA410_FLK_100NITS_W31_APL100_10HZ_AFM,CA410_FLK_100NITS_W31_APL100_10HZ_AFM,,-1,Yes,A4
CA410_FLK_100NITS_W31_APL100_10HZ_OLD_AFM,CA410_FLK_100NITS_W31_APL100_10HZ_OLD_AFM,,1,Yes,A4
CA410_FLK_100NITS_W31_APL100_1HZ_OLD_AFM,CA410_FLK_100NITS_W31_APL100_1HZ_OLD_AFM,,4,Yes,A4
CA410_FLK_100NITS_W15_APL100_10HZ_AFM,CA410_FLK_100NITS_W15_APL100_10HZ_AFM,,-1,Yes,A4
CA410_FLK_100NITS_W15_APL100_10HZ_OLD_AFM,CA410_FLK_100NITS_W15_APL100_10HZ_OLD_AFM,,2.6,Yes,A4
CA410_FLK_100NITS_W15_APL100_1HZ_OLD_AFM,CA410_FLK_100NITS_W15_APL100_1HZ_OLD_AFM,,4,Yes,A4
CA410_FLK_10NITS_W42_APL100_10HZ_AFM,CA410_FLK_10NITS_W42_APL100_10HZ_AFM,,-1,Yes,A5
CA410_FLK_10NITS_W42_APL100_10HZ_OLD_AFM,CA410_FLK_10NITS_W42_APL100_10HZ_OLD_AFM,,1,Yes,A5
CA410_FLK_10NITS_W42_APL100_1HZ_OLD_AFM,CA410_FLK_10NITS_W42_APL100_1HZ_OLD_AFM,,1,Yes,A5
CA410_FLK_100NITS_W51_APL100_ACVRR2_OLD_AFM,CA410_FLK_100NITS_W51_APL100_ACVRR2_OLD_AFM,,3.7,Yes,A5
CA410_FLK_100NITS_W15_APL100_ACVRR2_OLD_AFM,CA410_FLK_100NITS_W15_APL100_ACVRR2_OLD_AFM,,6.6,Yes,A5
CA410_FLK_10NITS_W168_APL100_ACVRR2_OLD_AFM,CA410_FLK_10NITS_W168_APL100_ACVRR2_OLD_AFM,,2.1,Yes,A5
CA410_FLK_10NITS_W42_APL100_ACVRR2_OLD_AFM,CA410_FLK_10NITS_W42_APL100_ACVRR2_OLD_AFM,,5.1,Yes,A6
CA410_10_W42_APL100_120HZ_CA410_VRR10_Y,CA410_10_W42_APL100_120HZ_CA410_VRR10_Y,0.01,1,Yes,A6
CA410_10_W42_APL100_10HZ_CA410_VRR10_Y,CA410_10_W42_APL100_10HZ_CA410_VRR10_Y,0.01,1,Yes,A6
CA410_60NITS_W11_APL100_120HZ_Y,CA410_60NITS_W11_APL100_120HZ_Y,0.038,0.091,Yes,A6
CA410_60NITS_W11_APL100_120HZ_duv,CA410_60NITS_W11_APL100_120HZ_duv,0,0.016,Yes,A6
CA410_30NITS_W11_APL100_120HZ_Y,CA410_30NITS_W11_APL100_120HZ_Y,0.017,0.046,Yes,A6
CA410_30NITS_W11_APL100_120HZ_duv,CA410_30NITS_W11_APL100_120HZ_duv,0,0.025,Yes,A7
CA410_22NITS_W15_APL100_120HZ_Y,CA410_22NITS_W15_APL100_120HZ_Y,0.025,0.066,Yes,A7
CA410_22NITS_W15_APL100_120HZ_duv,CA410_22NITS_W15_APL100_120HZ_duv,0,0.025,Yes,A7
CA410_15NITS_W11_APL100_120HZ_Y,CA410_15NITS_W11_APL100_120HZ_Y,0.007,0.023,Yes,A7
CA410_15NITS_W11_APL100_120HZ_duv,CA410_15NITS_W11_APL100_120HZ_duv,0,0.04,Yes,A7
CA410_13NITS_W15_APL100_120HZ_Y,CA410_13NITS_W15_APL100_120HZ_Y,0.012,0.04,Yes,A7
CA410_13NITS_W15_APL100_120HZ_duv,CA410_13NITS_W15_APL100_120HZ_duv,0,0.04,Yes,A8
CA410_10NITS_W87_APL100_120HZ_Y,CA410_10NITS_W87_APL100_120HZ_Y,0.826,1.051,Yes,A8
CA410_10NITS_W87_APL100_120HZ_duv,CA410_10NITS_W87_APL100_120HZ_duv,0,0.006,Yes,A8
CA410_10NITS_W51_APL100_120HZ_Y,CA410_10NITS_W51_APL100_120HZ_Y,0.251,0.332,Yes,A8
CA410_10NITS_W51_APL100_120HZ_duv,CA410_10NITS_W51_APL100_120HZ_duv,0,0.008,Yes,A8
CA410_10NITS_W23_APL100_120HZ_Y,CA410_10NITS_W23_APL100_120HZ_Y,0.03,0.072,Yes,A8
CA410_10NITS_W23_APL100_120HZ_duv,CA410_10NITS_W23_APL100_120HZ_duv,0,0.023,Yes,A9
CA410_10NITS_W17_APL100_120HZ_Y,CA410_10NITS_W17_APL100_120HZ_Y,0.014,0.037,Yes,A9
CA410_10NITS_W17_APL100_120HZ_duv,CA410_10NITS_W17_APL100_120HZ_duv,0,0.032,Yes,A9
CA410_10NITS_W11_APL100_120HZ_Y,CA410_10NITS_W11_APL100_120HZ_Y,0.004,0.016,Yes,A9
CA410_10NITS_W11_APL100_120HZ_duv,CA410_10NITS_W11_APL100_120HZ_duv,0,0.045,Yes,A9
CA410_10NITS_W8_APL100_120HZ_Y,CA410_10NITS_W8_APL100_120HZ_Y,0.0015,0.0078,Yes,A9
CA410_10NITS_W8_APL100_120HZ_duv,CA410_10NITS_W8_APL100_120HZ_duv,0,0.053,Yes,A10
PM_3000NITS_W255_APL30_120HZ_VBAT_I,PM_3000NITS_W255_APL30_120HZ_VBAT_I,781.36,1079.01,Yes,A10
PM_3000NITS_W255_APL30_120HZ_VSSEL_V,PM_3000NITS_W255_APL30_120HZ_VSSEL_V,-6357,-4796,Yes,A10
PM_3000NITS_W255_APL30_120HZ_SH_PP1V8_I,PM_3000NITS_W255_APL30_120HZ_SH_PP1V8_I,0,1.62,Yes,A10
PM_3000NITS_W255_APL30_120HZ_SH_PP1V2_I,PM_3000NITS_W255_APL30_120HZ_SH_PP1V2_I,0,0.12,Yes,A10
PM_3000NITS_W255_APL30_120HZ_SH_PP3V15_I,PM_3000NITS_W255_APL30_120HZ_SH_PP3V15_I,0,0.98,Yes,A10
PM_1200NITS_W255_APL100_120HZ_VBAT_I,PM_1200NITS_W255_APL100_120HZ_VBAT_I,852.89,1153.91,Yes,A11
PM_650NITS_W255_APL100_120HZ_VBAT_I,PM_650NITS_W255_APL100_120HZ_VBAT_I,411.98,568.93,Yes,A11
PM_650NITS_BLACK_APL100_120HZ_VBAT_V,PM_650NITS_BLACK_APL100_120HZ_VBAT_V,3766.12,3999.08,Yes,A11
PM_650NITS_BLACK_APL100_120HZ_SH_PP1V8_V,PM_650NITS_BLACK_APL100_120HZ_SH_PP1V8_V,1633.46,1956.56,Yes,A11
PM_650NITS_BLACK_APL100_120HZ_SH_PP1V2_V,PM_650NITS_BLACK_APL100_120HZ_SH_PP1V2_V,1080.44,1320.54,Yes,A11
PM_650NITS_BLACK_APL100_120HZ_SH_PP3V15_V,PM_650NITS_BLACK_APL100_120HZ_SH_PP3V15_V,2882.58,3383.9,Yes,A11
PM_650NITS_BLACK_APL100_120HZ_D_PP1V24_V,PM_650NITS_BLACK_APL100_120HZ_D_PP1V24_V,1133.31,1330.41,Yes,A12
PM_650NITS_BLACK_APL100_120HZ_D_PP1VX_V,PM_650NITS_BLACK_APL100_120HZ_D_PP1VX_V,928.31,1134.61,Yes,A12
PM_650NITS_BLACK_APL100_120HZ_AVDDH_V,PM_650NITS_BLACK_APL100_120HZ_AVDDH_V,6045.74,6549.56,Yes,A12
PM_650NITS_BLACK_APL100_120HZ_VGL_V,PM_650NITS_BLACK_APL100_120HZ_VGL_V,-10205.69,-9611.19,Yes,A12
PM_650NITS_BLACK_APL100_120HZ_VBAT_I,PM_650NITS_BLACK_APL100_120HZ_VBAT_I,39.4,53.3,Yes,A12
PM_650NITS_BLACK_APL100_120HZ_D_PP1V24_I,PM_650NITS_BLACK_APL100_120HZ_D_PP1V24_I,1.88,3.48,Yes,A12
PM_650NITS_BLACK_APL100_120HZ_D_PP1VX_I,PM_650NITS_BLACK_APL100_120HZ_D_PP1VX_I,50.92,68.9,Yes,A13
PM_155NITS_W255_APL100_120HZ_VBAT_I,PM_155NITS_W255_APL100_120HZ_VBAT_I,118.18,159.88,Yes,A13
PM_155NITS_W255_APL100_120HZ_D_PP1V24_I,PM_155NITS_W255_APL100_120HZ_D_PP1V24_I,1.88,3.48,Yes,A13
PM_155NITS_W255_APL100_120HZ_D_PP1VX_I,PM_155NITS_W255_APL100_120HZ_D_PP1VX_I,62.98,86.98,Yes,A13
PM_155NITS_16on16off_120HZ_VBAT_I,PM_155NITS_16on16off_120HZ_VBAT_I,79.51,107.57,Yes,A13
PM_155NITS_16on16off_120HZ_D_PP1V24_I,PM_155NITS_16on16off_120HZ_D_PP1V24_I,1.88,3.48,Yes,A13
PM_155NITS_16on16off_120HZ_D_PP1VX_I,PM_155NITS_16on16off_120HZ_D_PP1VX_I,56.57,78.13,Yes,A14
PM_155NITS_16on16off_60HZ_VBAT_I,PM_155NITS_16on16off_60HZ_VBAT_I,61.91,85.49,Yes,A14
PM_155NITS_16on16off_60HZ_D_PP1V24_I,PM_155NITS_16on16off_60HZ_D_PP1V24_I,0.51,2.05,Yes,A14
PM_155NITS_16on16off_60HZ_D_PP1VX_I,PM_155NITS_16on16off_60HZ_D_PP1VX_I,28.54,42.82,Yes,A14
PM_155NITS_16on16off_40HZ_VBAT_I,PM_155NITS_16on16off_40HZ_VBAT_I,56.33,77.79,Yes,A14
PM_155NITS_16on16off_40HZ_D_PP1V24_I,PM_155NITS_16on16off_40HZ_D_PP1V24_I,0.08,1.54,Yes,A14
PM_155NITS_16on16off_40HZ_D_PP1VX_I,PM_155NITS_16on16off_40HZ_D_PP1VX_I,19.8,30.32,Yes,A15
PM_155NITS_16on16off_10HZ_VBAT_I,PM_155NITS_16on16off_10HZ_VBAT_I,47.94,66.2,Yes,A15
PM_155NITS_16on16off_10HZ_D_PP1V24_I,PM_155NITS_16on16off_10HZ_D_PP1V24_I,-0.99,1.21,Yes,A15
PM_155NITS_16on16off_10HZ_D_PP1VX_I,PM_155NITS_16on16off_10HZ_D_PP1VX_I,4.57,13.7,Yes,A15
PM_100NITS_W255_APL100_120HZ_VBAT_I,PM_100NITS_W255_APL100_120HZ_VBAT_I,91.73,124.11,Yes,A15
PM_100NITS_W255_APL100_120HZ_VSSEL_V,PM_100NITS_W255_APL100_120HZ_VSSEL_V,-3165,-1604,Yes,A15
PM_100NITS_W255_APL10_120HZ_VBAT_I,PM_100NITS_W255_APL10_120HZ_VBAT_I,45.7,61.82,Yes,A16
PM_15NITS_W255_APL100_120HZ_VBAT_I,PM_15NITS_W255_APL100_120HZ_VBAT_I,50.39,69.59,Yes,A16
PM_15NITS_W255_APL100_120HZ_SH_PP1V8_I,PM_15NITS_W255_APL100_120HZ_SH_PP1V8_I,0,1.42,Yes,A16
PM_15NITS_W255_APL100_120HZ_SH_PP1V2_I,PM_15NITS_W255_APL100_120HZ_SH_PP1V2_I,0,0.12,Yes,A16
PM_15NITS_W255_APL100_120HZ_SH_PP3V15_I,PM_15NITS_W255_APL100_120HZ_SH_PP3V15_I,0,0.98,Yes,A16
PM_15NITS_BLACK_APL100_120HZ_VBAT_I,PM_15NITS_BLACK_APL100_120HZ_VBAT_I,36.74,50.74,Yes,A16
CA410_100_W15_APL100_10HZ_CA410_VRR_Y,CA410_100_W15_APL100_10HZ_CA410_VRR_Y,0.01,1,Yes,A17
CA410_100_W15_APL100_120HZ_CA410_VRR_Y,CA410_100_W15_APL100_120HZ_CA410_VRR_Y,0.01,1,Yes,A17
MATH_DCVRR_100NITS_W15_APL100_120HZ_10HZ,MATH_DCVRR_100NITS_W15_APL100_120HZ_10HZ,0.944,1.056,Yes,A17
MATH_DCVRR_100NITS_W15_APL100_120HZ_10HZ_duv,MATH_DCVRR_100NITS_W15_APL100_120HZ_10HZ_duv,0,0.006,Yes,A17
MATH_DCVRR_10NITS_W42_APL100_120HZ_10HZ,MATH_DCVRR_10NITS_W42_APL100_120HZ_10HZ,0.96,1.04,Yes,A17
MATH_DCVRR_10NITS_W42_APL100_120HZ_10HZ_duv,MATH_DCVRR_10NITS_W42_APL100_120HZ_10HZ_duv,0,0.0065,Yes,A17
MATH_DCVRR_60NITS_W255_APL100_120HZ_10HZ,MATH_DCVRR_60NITS_W255_APL100_120HZ_10HZ,0.991,1.009,Yes,A18
MATH_DCVRR_60NITS_W255_APL100_120HZ_10HZ_duv,MATH_DCVRR_60NITS_W255_APL100_120HZ_10HZ_duv,0,0.004,Yes,A18
MATH_DCVRR_650NITS_W255_APL100_120HZ_10HZ,MATH_DCVRR_650NITS_W255_APL100_120HZ_10HZ,0.995,1.005,Yes,A18
MATH_DCVRR_650NITS_W255_APL100_120HZ_10HZ_duv,MATH_DCVRR_650NITS_W255_APL100_120HZ_10HZ_duv,0,0.004,Yes,A18
MATH_DCVRR_100NITS_W15_APL100_60HZ_1HZ,MATH_DCVRR_100NITS_W15_APL100_60HZ_1HZ,0.944,1.056,Yes,A18
MATH_DCVRR_100NITS_W15_APL100_60HZ_1HZ_duv,MATH_DCVRR_100NITS_W15_APL100_60HZ_1HZ_duv,0,0.006,Yes,A18
MATH_DCVRR_60NITS_W255_APL100_60HZ_1HZ,MATH_DCVRR_60NITS_W255_APL100_60HZ_1HZ,0.991,1.009,Yes,A19
MATH_DCVRR_60NITS_W255_APL100_60HZ_1HZ_duv,MATH_DCVRR_60NITS_W255_APL100_60HZ_1HZ_duv,0,0.004,Yes,A19
MATH_DCVRR_10NITS_W42_APL100_60HZ_1HZ,MATH_DCVRR_10NITS_W42_APL100_60HZ_1HZ,0.96,1.04,Yes,A19
MATH_DCVRR_10NITS_W42_APL100_60HZ_1HZ_duv,MATH_DCVRR_10NITS_W42_APL100_60HZ_1HZ_duv,0,0.0065,Yes,A19
MATH_DCVRR_100NITS_W31_APL100_60HZ_1HZ,MATH_DCVRR_100NITS_W31_APL100_60HZ_1HZ,0.97,1.03,Yes,A19
MATH_DCVRR_100NITS_W31_APL100_60HZ_1HZ_duv,MATH_DCVRR_100NITS_W31_APL100_60HZ_1HZ_duv,0,0.004,Yes,A19
MATH_FFR_100NITS_W255_120HZ_Y,MATH_FFR_100NITS_W255_120HZ_Y,0.75,1,Yes,A20
MATH_FFR_100NITS_W255_120HZ_duv,MATH_FFR_100NITS_W255_120HZ_duv,0,0.0025,Yes,A20
MATH_FFR_100NITS_W31_120HZ_Y,MATH_FFR_100NITS_W31_120HZ_Y,0.5,1,Yes,A20
MATH_FFR_100NITS_W31_120HZ_duv,MATH_FFR_100NITS_W31_120HZ_duv,0,0.045,Yes,A20
MATH_FFR_10NITS_W168_120HZ_Y,MATH_FFR_10NITS_W168_120HZ_Y,0.7,1,Yes,A20
MATH_FFR_10NITS_W168_120HZ_duv,MATH_FFR_10NITS_W168_120HZ_duv,0,0.015,Yes,A20
MATH_FFR_10NITS_W87_120HZ_Y,MATH_FFR_10NITS_W87_120HZ_Y,0.6,1,Yes,A21
MATH_FFR_10NITS_W87_120HZ_duv,MATH_FFR_10NITS_W87_120HZ_duv,0,0.02,Yes,A21
MATH_FFR_10NITS_W51_120HZ_Y,MATH_FFR_10NITS_W51_120HZ_Y,0.35,1,Yes,A21
MATH_FFR_10NITS_W51_120HZ_duv,MATH_FFR_10NITS_W51_120HZ_duv,0,0.05,Yes,A21
MATH_FFR_10NITS_W31_120HZ_Y,MATH_FFR_10NITS_W31_120HZ_Y,0.15,1,Yes,A21
MATH_FFR_10NITS_W31_120HZ_duv,MATH_FFR_10NITS_W31_120HZ_duv,0,0.1,Yes,A21
MATH_650NITS_HXT_W255_Y,MATH_650NITS_HXT_W255_Y,-1,1,Yes,A22
MATH_650NITS_HXT_W127_Y,MATH_650NITS_HXT_W127_Y,-1,1,Yes,A22
MATH_CA410_650NITS_MLHXT_even_W255_wd2_Y,MATH_CA410_650NITS_MLHXT_even_W255_wd2_Y,-0.5,1.2,Yes,A22
MATH_CA410_650NITS_MLHXT_even_W127_wd2_Y,MATH_CA410_650NITS_MLHXT_even_W127_wd2_Y,-1,1,Yes,A22
FOS_10NITS_W31_10HZ WU CenterBand,FOS_10NITS_W31_10HZ WU CenterBand,-0.12,0.12,Yes,A22
FOS_650NITS_W10_10HZ WU CenterBand,FOS_650NITS_W10_10HZ WU CenterBand,-0.05,0.05,Yes,A22
FOS_650NITS_W10_120HZ WU CenterBand,FOS_650NITS_W10_120HZ WU CenterBand,-0.05,0.05,Yes,A23
FOS_10NITS_W23_10HZ WU CenterBand,FOS_10NITS_W23_10HZ WU CenterBand,-0.12,0.12,Yes,A23
FOS_10NITS_W11_10HZ WU CenterBand,FOS_10NITS_W11_10HZ WU CenterBand,-0.12,0.12,Yes,A23
FOS_10NITS_W23_120HZ WU CenterBand,FOS_10NITS_W23_120HZ WU CenterBand,-0.12,0.12,Yes,A23
FOS_10NITS_W11_120HZ WU CenterBand,FOS_10NITS_W11_120HZ WU CenterBand,-0.12,0.12,Yes,A23
MATH_B20_White_Copy,MATH_B20_White_Copy,-15,50,Yes,A23
MATH_B20_Vpark_Copy,MATH_B20_Vpark_Copy,-23,20,Yes,A24
MATH 1200NITS_IRC_Metric,MATH 1200NITS_IRC_Metric,0.96,1.04,Yes,A24
MATH 650NITS_IRC_Metric,MATH 650NITS_IRC_Metric,0.97,1.03,Yes,A24
FOS_650NITS_W255_120HZ WU dYOverPanelratio,FOS_650NITS_W255_120HZ WU dYOverPanelratio,73,100,Yes,A24
FOS_650NITS_W255_120HZ WU duvOverPanel,FOS_650NITS_W255_120HZ WU duvOverPanel,0,0.01,Yes,A24
FOS_650NITS_W10_120HZ WU dYOverPanelratio,FOS_650NITS_W10_120HZ WU dYOverPanelratio,70,100,Yes,A24
FOS_650NITS_W10_120HZ WU duvOverPanel,FOS_650NITS_W10_120HZ WU duvOverPanel,0,0.01,Yes,A25
FOS_650NITS_W10_120HZ WU CenterBand,FOS_650NITS_W10_120HZ WU CenterBand,-0.05,0.05,Yes,A25
FOS_650NITS_W255_10HZ WU dYExtraAratio,FOS_650NITS_W255_10HZ WU dYExtraAratio,0.98,1.02,Yes,A25
FOS_650NITS_W255_10HZ WU dYExtraBratio,FOS_650NITS_W255_10HZ WU dYExtraBratio,0.98,1.02,Yes,A25
FOS_650NITS_W255_10HZ WU dYExtraCratio,FOS_650NITS_W255_10HZ WU dYExtraCratio,0.95,1.05,Yes,A25
FOS_650NITS_W255_10HZ WU dYExtraDratio,FOS_650NITS_W255_10HZ WU dYExtraDratio,0.95,1.05,Yes,A25
FOS_650NITS_W255_10HZ WU duvExtraA,FOS_650NITS_W255_10HZ WU duvExtraA,0,0.002,Yes,A26
FOS_650NITS_W255_10HZ WU duvExtraB,FOS_650NITS_W255_10HZ WU duvExtraB,0,0.002,Yes,A26
FOS_650NITS_W255_10HZ WU duvExtraC,FOS_650NITS_W255_10HZ WU duvExtraC,0,0.003,Yes,A26
FOS_650NITS_W255_10HZ WU duvExtraD,FOS_650NITS_W255_10HZ WU duvExtraD,0,0.003,Yes,A26
FOS_650NITS_W255_10HZ WU dYOverPanelratio,FOS_650NITS_W255_10HZ WU dYOverPanelratio,73,100,Yes,A26
FOS_650NITS_W255_10HZ WU duvOverPanel,FOS_650NITS_W255_10HZ WU duvOverPanel,0,0.01,Yes,A26
FOS_650NITS_W255_10HZ WU duvWorstNeig,FOS_650NITS_W255_10HZ WU duvWorstNeig,0,0.004,Yes,A27
FOS_650NITS_W255_10HZ WU framePink,FOS_650NITS_W255_10HZ WU framePink,0,6,Yes,A27
FOS_650NITS_W255_10HZ WU frameGreen,FOS_650NITS_W255_10HZ WU frameGreen,0,6.5,Yes,A27
FOS_650NITS_W255_10HZ BLSH Band_H_bright,FOS_650NITS_W255_10HZ BLSH Band_H_bright,0,7,Yes,A27
FOS_650NITS_W255_10HZ BLSH Band_H_dark,FOS_650NITS_W255_10HZ BLSH Band_H_dark,-7,0,Yes,A27
FOS_650NITS_W255_10HZ BLSH Band_V_bright,FOS_650NITS_W255_10HZ BLSH Band_V_bright,0,7,Yes,A27
FOS_650NITS_W255_10HZ BLSH Band_V_dark,FOS_650NITS_W255_10HZ BLSH Band_V_dark,-7,0,Yes,A28
FOS_650NITS_W255_10HZ BLSH HL_Index,FOS_650NITS_W255_10HZ BLSH HL_Index,0,0.8,Yes,A28
FOS_650NITS_W255_10HZ BLSH HLsub_Index,FOS_650NITS_W255_10HZ BLSH HLsub_Index,0,0.8,Yes,A28
FOS_650NITS_W255_10HZ BLSH VL_Index,FOS_650NITS_W255_10HZ BLSH VL_Index,0,0.8,Yes,A28
FOS_650NITS_W255_10HZ BLSH VLsub_Index,FOS_650NITS_W255_10HZ BLSH VLsub_Index,0,0.8,Yes,A28
FOS_650NITS_W255_10HZ BLSH dimLine_h_Index,FOS_650NITS_W255_10HZ BLSH dimLine_h_Index,0,7,Yes,A28
FOS_650NITS_W255_10HZ BLSH dimLine_h_subRegionMax,FOS_650NITS_W255_10HZ BLSH dimLine_h_subRegionMax,0,7,Yes,A29
FOS_650NITS_W255_10HZ BLSH dimLine_v_Index,FOS_650NITS_W255_10HZ BLSH dimLine_v_Index,0,7,Yes,A29
FOS_650NITS_W255_10HZ BLSH dimLine_v_subRegionMax,FOS_650NITS_W255_10HZ BLSH dimLine_v_subRegionMax,0,7,Yes,A29
FOS_650NITS_W255_10HZ BLSH NLD,FOS_650NITS_W255_10HZ BLSH NLD,0,6.5,Yes,A29
FOS_650NITS_W255_10HZ BLSH NotchFL_IndB,FOS_650NITS_W255_10HZ BLSH NotchFL_IndB,0,6.5,Yes,A29
FOS_650NITS_W255_10HZ BLSH whiteSpot_cen,FOS_650NITS_W255_10HZ BLSH whiteSpot_cen,0,3.1,Yes,A29
FOS_650NITS_W255_10HZ BLSH dimBlob_max_cen,FOS_650NITS_W255_10HZ BLSH dimBlob_max_cen,0,5,Yes,A30
FOS_650NITS_W255_10HZ BLSH dimBlob_max_edg,FOS_650NITS_W255_10HZ BLSH dimBlob_max_edg,0,5,Yes,A30
FOS_650NITS_W255_10HZ BLSH litBlob_max_cen,FOS_650NITS_W255_10HZ BLSH litBlob_max_cen,0,4.5,Yes,A30
FOS_650NITS_W255_10HZ BLSH litBlob_max_edg,FOS_650NITS_W255_10HZ BLSH litBlob_max_edg,0,6.5,Yes,A30
FOS_650NITS_W255_10HZ BLSH Band_H_d12_cen,FOS_650NITS_W255_10HZ BLSH Band_H_d12_cen,0,0.9,Yes,A30
FOS_650NITS_W255_10HZ BLSH Band_V_d12_cen,FOS_650NITS_W255_10HZ BLSH Band_V_d12_cen,0,0.9,Yes,A30
FOS_650NITS_W255_10HZ CU DUVCen,FOS_650NITS_W255_10HZ CU DUVCen,0,5.5,Yes,A31
FOS_650NITS_W255_10HZ CU DUVEdge,FOS_650NITS_W255_10HZ CU DUVEdge,0,7,Yes,A31
FOS_650NITS_W255_10HZ CU LUCen,FOS_650NITS_W255_10HZ CU LUCen,0,0.4,Yes,A31
FOS_650NITS_W255_10HZ CU LUEdge,FOS_650NITS_W255_10HZ CU LUEdge,0,0.5,Yes,A31
FOS_650NITS_W10_10HZ WU dYExtraAratio,FOS_650NITS_W10_10HZ WU dYExtraAratio,0.95,1.05,Yes,A31
FOS_650NITS_W10_10HZ WU dYExtraBratio,FOS_650NITS_W10_10HZ WU dYExtraBratio,0.95,1.05,Yes,A31
FOS_650NITS_W10_10HZ WU dYExtraCratio,FOS_650NITS_W10_10HZ WU dYExtraCratio,0.94,1.06,Yes,A32
FOS_650NITS_W10_10HZ WU dYExtraDratio,FOS_650NITS_W10_10HZ WU dYExtraDratio,0.94,1.06,Yes,A32
FOS_650NITS_W10_10HZ WU duvExtraA,FOS_650NITS_W10_10HZ WU duvExtraA,0,0.004,Yes,A32
FOS_650NITS_W10_10HZ WU duvExtraB,FOS_650NITS_W10_10HZ WU duvExtraB,0,0.004,Yes,A32
FOS_650NITS_W10_10HZ WU duvExtraC,FOS_650NITS_W10_10HZ WU duvExtraC,0,0.005,Yes,A32
FOS_650NITS_W10_10HZ WU duvExtraD,FOS_650NITS_W10_10HZ WU duvExtraD,0,0.005,Yes,A32
FOS_650NITS_W10_10HZ WU dYOverPanelratio,FOS_650NITS_W10_10HZ WU dYOverPanelratio,70,100,Yes,A33
FOS_650NITS_W10_10HZ WU duvOverPanel,FOS_650NITS_W10_10HZ WU duvOverPanel,0,0.01,Yes,A33
FOS_650NITS_W10_10HZ WU CenterBand,FOS_650NITS_W10_10HZ WU CenterBand,-0.05,0.05,Yes,A33
FOS_650NITS_W10_10HZ BLSH Band_H_bright,FOS_650NITS_W10_10HZ BLSH Band_H_bright,0,11,Yes,A33
FOS_650NITS_W10_10HZ BLSH Band_H_dark,FOS_650NITS_W10_10HZ BLSH Band_H_dark,-11,0,Yes,A33
FOS_650NITS_W10_10HZ BLSH Band_V_bright,FOS_650NITS_W10_10HZ BLSH Band_V_bright,0,11,Yes,A33
FOS_650NITS_W10_10HZ BLSH Band_V_dark,FOS_650NITS_W10_10HZ BLSH Band_V_dark,-11,0,Yes,A34
FOS_650NITS_W10_10HZ BLSH HL_Index,FOS_650NITS_W10_10HZ BLSH HL_Index,0,1.8,Yes,A34
FOS_650NITS_W10_10HZ BLSH HLsub_Index,FOS_650NITS_W10_10HZ BLSH HLsub_Index,0,0.8,Yes,A34
FOS_650NITS_W10_10HZ BLSH VL_Index,FOS_650NITS_W10_10HZ BLSH VL_Index,0,0.8,Yes,A34
FOS_650NITS_W10_10HZ BLSH VLsub_Index,FOS_650NITS_W10_10HZ BLSH VLsub_Index,0,0.8,Yes,A34
FOS_650NITS_W10_10HZ BLSH dimLine_h_Index,FOS_650NITS_W10_10HZ BLSH dimLine_h_Index,0,15,Yes,A34
FOS_650NITS_W10_10HZ BLSH dimLine_h_subRegionMax,FOS_650NITS_W10_10HZ BLSH dimLine_h_subRegionMax,0,25,Yes,A35
FOS_650NITS_W10_10HZ BLSH dimLine_v_Index,FOS_650NITS_W10_10HZ BLSH dimLine_v_Index,0,10,Yes,A35
FOS_650NITS_W10_10HZ BLSH dimLine_v_subRegionMax,FOS_650NITS_W10_10HZ BLSH dimLine_v_subRegionMax,0,25,Yes,A35
FOS_650NITS_W10_10HZ BLSH NLD,FOS_650NITS_W10_10HZ BLSH NLD,0,25,Yes,A35
FOS_650NITS_W10_10HZ BLSH NotchFL_IndB,FOS_650NITS_W10_10HZ BLSH NotchFL_IndB,0,15,Yes,A35
FOS_650NITS_W10_10HZ BLSH whiteSpot_cen,FOS_650NITS_W10_10HZ BLSH whiteSpot_cen,0,11.5,Yes,A35
FOS_650NITS_W10_10HZ BLSH whiteSpot_cor,FOS_650NITS_W10_10HZ BLSH whiteSpot_cor,0,9.5,Yes,A36
FOS_650NITS_W10_10HZ BLSH whiteSpot_edg,FOS_650NITS_W10_10HZ BLSH whiteSpot_edg,0,9.5,Yes,A36
FOS_650NITS_W10_10HZ BLSH litBlob_max_cen,FOS_650NITS_W10_10HZ BLSH litBlob_max_cen,0,18,Yes,A36
FOS_650NITS_W10_10HZ BLSH litBlob_max_edg,FOS_650NITS_W10_10HZ BLSH litBlob_max_edg,0,18,Yes,A36
FOS_650NITS_W10_10HZ BLSH Band_H_d12_cen,FOS_650NITS_W10_10HZ BLSH Band_H_d12_cen,0,3.5,Yes,A36
FOS_650NITS_W10_10HZ BLSH Band_V_d12_cen,FOS_650NITS_W10_10HZ BLSH Band_V_d12_cen,0,3.5,Yes,A36
FOS_650NITS_W10_10HZ BLSH litPixel_max_cen,FOS_650NITS_W10_10HZ BLSH litPixel_max_cen,0,50,Yes,A37
FOS_650NITS_W10_10HZ CU DUVCen,FOS_650NITS_W10_10HZ CU DUVCen,,10,Yes,A37
FOS_650NITS_W10_10HZ CU DUVEdge,FOS_650NITS_W10_10HZ CU DUVEdge,,10,Yes,A37
FOS_650NITS_W10_10HZ CU LUCen,FOS_650NITS_W10_10HZ CU LUCen,0,2,Yes,A37
FOS_650NITS_W10_10HZ CU LUEdge,FOS_650NITS_W10_10HZ CU LUEdge,0,2,Yes,A37
FOS_650NITS_W255_10HZ GDS GDS2_Dimen1,FOS_650NITS_W255_10HZ GDS GDS2_Dimen1,0,2.7,Yes,A37
FOS_650NITS_W255_10HZ GDS GDS2_Size,FOS_650NITS_W255_10HZ GDS GDS2_Size,0,13,Yes,A38
FOS_650NITS_W255_10HZ GDS GDS2_Size_Edge,FOS_650NITS_W255_10HZ GDS GDS2_Size_Edge,0,6.5,Yes,A38
FOS_650NITS_W255_10HZ GDS GDS2_Size_Spline,FOS_650NITS_W255_10HZ GDS GDS2_Size_Spline,0,13,Yes,A38
FOS_650NITS_W255_10HZ GDS GDS_HIAA_score_large,FOS_650NITS_W255_10HZ GDS GDS_HIAA_score_large,0,0.8,Yes,A38
FOS_650NITS_W255_10HZ GDS GDS_HIAA_score_small,FOS_650NITS_W255_10HZ GDS GDS_HIAA_score_small,0,0.8,Yes,A38
FOS_650NITS_W255_10HZ GDS EDD_Y_lit_pixel_max_contrast,FOS_650NITS_W255_10HZ GDS EDD_Y_lit_pixel_max_contrast,0,4,Yes,A38
FOS_155NITS_W10_10HZ WU dYExtraAratio,FOS_155NITS_W10_10HZ WU dYExtraAratio,0.86,1.14,Yes,A39
FOS_155NITS_W10_10HZ WU dYExtraBratio,FOS_155NITS_W10_10HZ WU dYExtraBratio,0.86,1.14,Yes,A39
FOS_155NITS_W10_10HZ WU dYExtraCratio,FOS_155NITS_W10_10HZ WU dYExtraCratio,0.75,1.25,Yes,A39
FOS_155NITS_W10_10HZ WU dYExtraDratio,FOS_155NITS_W10_10HZ WU dYExtraDratio,0.75,1.25,Yes,A39
FOS_155NITS_W10_10HZ WU duvExtraA,FOS_155NITS_W10_10HZ WU duvExtraA,0,0.011,Yes,A39
FOS_155NITS_W10_10HZ WU duvExtraB,FOS_155NITS_W10_10HZ WU duvExtraB,0,0.011,Yes,A39
FOS_155NITS_W10_10HZ WU duvExtraC,FOS_155NITS_W10_10HZ WU duvExtraC,0,0.015,Yes,A40
FOS_155NITS_W10_10HZ WU duvExtraD,FOS_155NITS_W10_10HZ WU duvExtraD,0,0.015,Yes,A40
FOS_155NITS_W10_10HZ WU dYOverPanelratio,FOS_155NITS_W10_10HZ WU dYOverPanelratio,70,100,Yes,A40
FOS_155NITS_W10_10HZ WU duvOverPanel,FOS_155NITS_W10_10HZ WU duvOverPanel,0,0.03,Yes,A40
FOS_155NITS_W10_10HZ BLSH NLD,FOS_155NITS_W10_10HZ BLSH NLD,0,55,Yes,A40
FOS_155NITS_W10_10HZ BLSH NotchFL_IndB,FOS_155NITS_W10_10HZ BLSH NotchFL_IndB,0,30,Yes,A40
FOS_155NITS_CHECKER_10HZ WU duvOverPanel,FOS_155NITS_CHECKER_10HZ WU duvOverPanel,0,0.012,Yes,A41
FOS_155NITS_CHECKER_10HZ WU duvWorstNeig,FOS_155NITS_CHECKER_10HZ WU duvWorstNeig,0,0.005,Yes,A41
FOS_100NITS_W255_10HZ WU dYOverPanelratio,FOS_100NITS_W255_10HZ WU dYOverPanelratio,75,100,Yes,A41
FOS_100NITS_W255_10HZ WU duvOverPanel,FOS_100NITS_W255_10HZ WU duvOverPanel,0,0.01,Yes,A41
FOS_100NITS_W255_10HZ BLSH NLD,FOS_100NITS_W255_10HZ BLSH NLD,0,11.8,Yes,A41
FOS_100NITS_W255_10HZ BLSH NotchFL_IndB,FOS_100NITS_W255_10HZ BLSH NotchFL_IndB,0,9,Yes,A41
FOS_100NITS_W255_10HZ BLSH Band_H_d12_cen,FOS_100NITS_W255_10HZ BLSH Band_H_d12_cen,0,1.2,Yes,A42
FOS_100NITS_W255_10HZ BLSH Band_V_d12_cen,FOS_100NITS_W255_10HZ BLSH Band_V_d12_cen,0,1.2,Yes,A42
FOS_650NITS_W63_120HZ WU dYOverPanelratio,FOS_650NITS_W63_120HZ WU dYOverPanelratio,75,100,Yes,A42
FOS_650NITS_W63_120HZ WU duvOverPanel,FOS_650NITS_W63_120HZ WU duvOverPanel,0,0.01,Yes,A42
FOS_650NITS_W63_10HZ WU dYExtraAratio,FOS_650NITS_W63_10HZ WU dYExtraAratio,0.98,1.02,Yes,A42
FOS_650NITS_W63_10HZ WU dYExtraBratio,FOS_650NITS_W63_10HZ WU dYExtraBratio,0.98,1.02,Yes,A42
FOS_650NITS_W63_10HZ WU dYExtraCratio,FOS_650NITS_W63_10HZ WU dYExtraCratio,0.95,1.05,Yes,A43
FOS_650NITS_W63_10HZ WU dYExtraDratio,FOS_650NITS_W63_10HZ WU dYExtraDratio,0.95,1.05,Yes,A43
FOS_650NITS_W63_10HZ WU duvExtraA,FOS_650NITS_W63_10HZ WU duvExtraA,0,0.002,Yes,A43
FOS_650NITS_W63_10HZ WU duvExtraB,FOS_650NITS_W63_10HZ WU duvExtraB,0,0.002,Yes,A43
FOS_650NITS_W63_10HZ WU duvExtraC,FOS_650NITS_W63_10HZ WU duvExtraC,0,0.004,Yes,A43
FOS_650NITS_W63_10HZ WU duvExtraD,FOS_650NITS_W63_10HZ WU duvExtraD,0,0.004,Yes,A43
FOS_650NITS_W63_10HZ WU dYOverPanelratio,FOS_650NITS_W63_10HZ WU dYOverPanelratio,75,100,Yes,A44
FOS_650NITS_W63_10HZ WU duvOverPanel,FOS_650NITS_W63_10HZ WU duvOverPanel,0,0.01,Yes,A44
FOS_650NITS_W63_10HZ WU duvWorstNeig,FOS_650NITS_W63_10HZ WU duvWorstNeig,0,0.004,Yes,A44
FOS_650NITS_W63_10HZ BLSH Band_H_bright,FOS_650NITS_W63_10HZ BLSH Band_H_bright,0,5,Yes,A44
FOS_650NITS_W63_10HZ BLSH Band_H_dark,FOS_650NITS_W63_10HZ BLSH Band_H_dark,-5,0,Yes,A44
FOS_650NITS_W63_10HZ BLSH Band_V_bright,FOS_650NITS_W63_10HZ BLSH Band_V_bright,0,5,Yes,A44
FOS_650NITS_W63_10HZ BLSH Band_V_dark,FOS_650NITS_W63_10HZ BLSH Band_V_dark,-5,0,Yes,A45
FOS_650NITS_W63_10HZ BLSH HL_Index,FOS_650NITS_W63_10HZ BLSH HL_Index,0,0.8,Yes,A45
FOS_650NITS_W63_10HZ BLSH HLsub_Index,FOS_650NITS_W63_10HZ BLSH HLsub_Index,0,0.8,Yes,A45
FOS_650NITS_W63_10HZ BLSH VL_Index,FOS_650NITS_W63_10HZ BLSH VL_Index,0,0.8,Yes,A45
FOS_650NITS_W63_10HZ BLSH VLsub_Index,FOS_650NITS_W63_10HZ BLSH VLsub_Index,0,0.8,Yes,A45
FOS_650NITS_W63_10HZ BLSH dimLine_h_Index,FOS_650NITS_W63_10HZ BLSH dimLine_h_Index,0,4.15,Yes,A45
FOS_650NITS_W63_10HZ BLSH dimLine_h_subRegionMax,FOS_650NITS_W63_10HZ BLSH dimLine_h_subRegionMax,0,5.5,Yes,A46
FOS_650NITS_W63_10HZ BLSH dimLine_v_Index,FOS_650NITS_W63_10HZ BLSH dimLine_v_Index,0,4.5,Yes,A46
FOS_650NITS_W63_10HZ BLSH dimLine_v_subRegionMax,FOS_650NITS_W63_10HZ BLSH dimLine_v_subRegionMax,0,4.5,Yes,A46
FOS_650NITS_W63_10HZ BLSH NLD,FOS_650NITS_W63_10HZ BLSH NLD,0,8,Yes,A46
FOS_650NITS_W63_10HZ BLSH NotchFL_IndB,FOS_650NITS_W63_10HZ BLSH NotchFL_IndB,0,7,Yes,A46
FOS_650NITS_W63_10HZ BLSH whiteSpot_cen,FOS_650NITS_W63_10HZ BLSH whiteSpot_cen,0,4,Yes,A46
FOS_650NITS_W63_10HZ BLSH whiteSpot_cor,FOS_650NITS_W63_10HZ BLSH whiteSpot_cor,0,4,Yes,A47
FOS_650NITS_W63_10HZ BLSH whiteSpot_edg,FOS_650NITS_W63_10HZ BLSH whiteSpot_edg,0,4,Yes,A47
FOS_650NITS_W63_10HZ BLSH vblock_score,FOS_650NITS_W63_10HZ BLSH vblock_score,0,4,Yes,A47
FOS_650NITS_W63_10HZ BLSH dimBlob_max_cen,FOS_650NITS_W63_10HZ BLSH dimBlob_max_cen,0,5,Yes,A47
FOS_650NITS_W63_10HZ BLSH dimBlob_max_edg,FOS_650NITS_W63_10HZ BLSH dimBlob_max_edg,0,5,Yes,A47
FOS_650NITS_W63_10HZ BLSH litBlob_max_cen,FOS_650NITS_W63_10HZ BLSH litBlob_max_cen,0,5,Yes,A47
FOS_650NITS_W63_10HZ BLSH litBlob_max_edg,FOS_650NITS_W63_10HZ BLSH litBlob_max_edg,0,5,Yes,A48
FOS_650NITS_W63_10HZ BLSH Band_H_d12_cen,FOS_650NITS_W63_10HZ BLSH Band_H_d12_cen,0,1.4,Yes,A48
FOS_650NITS_W63_10HZ BLSH Band_V_d12_cen,FOS_650NITS_W63_10HZ BLSH Band_V_d12_cen,0,1.4,Yes,A48
FOS_650NITS_W63_10HZ BLSH litPixel_max_cen,FOS_650NITS_W63_10HZ BLSH litPixel_max_cen,0,8,Yes,A48
FOS_650NITS_W63_10HZ BLSH litPixel_max_edg,FOS_650NITS_W63_10HZ BLSH litPixel_max_edg,0,8,Yes,A48
FOS_650NITS_W63_10HZ BLSH WKI,FOS_650NITS_W63_10HZ BLSH WKI,0,0.5,Yes,A48
FOS_650NITS_W63_10HZ CU DUVCen,FOS_650NITS_W63_10HZ CU DUVCen,0,4.7,Yes,A49
FOS_650NITS_W63_10HZ CU DUVEdge,FOS_650NITS_W63_10HZ CU DUVEdge,0,4.7,Yes,A49
FOS_650NITS_W63_10HZ CU LUCen,FOS_650NITS_W63_10HZ CU LUCen,0,0.4,Yes,A49
FOS_650NITS_W63_10HZ CU LUEdge,FOS_650NITS_W63_10HZ CU LUEdge,0,0.5,Yes,A49
FOS_650NITS_W63_1HZ WU dYExtraAratio,FOS_650NITS_W63_1HZ WU dYExtraAratio,0.98,1.02,Yes,A49
FOS_650NITS_W63_1HZ WU dYExtraBratio,FOS_650NITS_W63_1HZ WU dYExtraBratio,0.98,1.02,Yes,A49
FOS_650NITS_W63_1HZ WU dYExtraCratio,FOS_650NITS_W63_1HZ WU dYExtraCratio,0.95,1.05,Yes,A50
FOS_650NITS_W63_1HZ WU dYExtraDratio,FOS_650NITS_W63_1HZ WU dYExtraDratio,0.95,1.05,Yes,A50
FOS_650NITS_W63_1HZ WU duvExtraA,FOS_650NITS_W63_1HZ WU duvExtraA,0,0.002,Yes,A50
FOS_650NITS_W63_1HZ WU duvExtraB,FOS_650NITS_W63_1HZ WU duvExtraB,0,0.002,Yes,A50
FOS_650NITS_W63_1HZ WU duvExtraC,FOS_650NITS_W63_1HZ WU duvExtraC,0,0.004,Yes,A50
FOS_650NITS_W63_1HZ WU duvExtraD,FOS_650NITS_W63_1HZ WU duvExtraD,0,0.004,Yes,A50
FOS_650NITS_W63_1HZ WU dYOverPanelratio,FOS_650NITS_W63_1HZ WU dYOverPanelratio,75,100,Yes,A51
FOS_650NITS_W63_1HZ WU duvOverPanel,FOS_650NITS_W63_1HZ WU duvOverPanel,0,0.01,Yes,A51
FOS_650NITS_W63_1HZ BLSH Band_H_bright,FOS_650NITS_W63_1HZ BLSH Band_H_bright,0,5,Yes,A51
FOS_650NITS_W63_1HZ BLSH Band_H_dark,FOS_650NITS_W63_1HZ BLSH Band_H_dark,-5,0,Yes,A51
FOS_650NITS_W63_1HZ BLSH Band_V_bright,FOS_650NITS_W63_1HZ BLSH Band_V_bright,0,5,Yes,A51
FOS_650NITS_W63_1HZ BLSH Band_V_dark,FOS_650NITS_W63_1HZ BLSH Band_V_dark,-5,0,Yes,A51
FOS_650NITS_W63_1HZ BLSH HL_Index,FOS_650NITS_W63_1HZ BLSH HL_Index,0,0.8,Yes,A52
FOS_650NITS_W63_1HZ BLSH HLsub_Index,FOS_650NITS_W63_1HZ BLSH HLsub_Index,0,0.8,Yes,A52
FOS_650NITS_W63_1HZ BLSH VL_Index,FOS_650NITS_W63_1HZ BLSH VL_Index,0,0.8,Yes,A52
FOS_650NITS_W63_1HZ BLSH VLsub_Index,FOS_650NITS_W63_1HZ BLSH VLsub_Index,0,0.8,Yes,A52
FOS_650NITS_W63_1HZ BLSH dimLine_h_Index,FOS_650NITS_W63_1HZ BLSH dimLine_h_Index,0,4.15,Yes,A52
FOS_650NITS_W63_1HZ BLSH dimLine_h_subRegionMax,FOS_650NITS_W63_1HZ BLSH dimLine_h_subRegionMax,0,5.5,Yes,A52
FOS_650NITS_W63_1HZ BLSH dimLine_v_Index,FOS_650NITS_W63_1HZ BLSH dimLine_v_Index,0,4.5,Yes,A53
FOS_650NITS_W63_1HZ BLSH dimLine_v_subRegionMax,FOS_650NITS_W63_1HZ BLSH dimLine_v_subRegionMax,0,4.5,Yes,A53
FOS_650NITS_W63_1HZ BLSH NLD,FOS_650NITS_W63_1HZ BLSH NLD,0,8,Yes,A53
FOS_650NITS_W63_1HZ BLSH NotchFL_IndB,FOS_650NITS_W63_1HZ BLSH NotchFL_IndB,0,7,Yes,A53
FOS_650NITS_W63_1HZ BLSH whiteSpot_cen,FOS_650NITS_W63_1HZ BLSH whiteSpot_cen,0,4,Yes,A53
FOS_650NITS_W63_1HZ BLSH whiteSpot_cor,FOS_650NITS_W63_1HZ BLSH whiteSpot_cor,0,4,Yes,A53
FOS_650NITS_W63_1HZ BLSH whiteSpot_edg,FOS_650NITS_W63_1HZ BLSH whiteSpot_edg,0,4,Yes,A54
FOS_650NITS_W63_1HZ BLSH vblock_score,FOS_650NITS_W63_1HZ BLSH vblock_score,0,4,Yes,A54
FOS_650NITS_W63_1HZ BLSH dimBlob_max_cen,FOS_650NITS_W63_1HZ BLSH dimBlob_max_cen,0,5,Yes,A54
FOS_650NITS_W63_1HZ BLSH dimBlob_max_edg,FOS_650NITS_W63_1HZ BLSH dimBlob_max_edg,0,5,Yes,A54
FOS_650NITS_W63_1HZ BLSH litBlob_max_cen,FOS_650NITS_W63_1HZ BLSH litBlob_max_cen,0,5,Yes,A54
FOS_650NITS_W63_1HZ BLSH litBlob_max_edg,FOS_650NITS_W63_1HZ BLSH litBlob_max_edg,0,5,Yes,A54
FOS_650NITS_W63_1HZ BLSH Band_H_d12_cen,FOS_650NITS_W63_1HZ BLSH Band_H_d12_cen,0,1.4,Yes,A55
FOS_650NITS_W63_1HZ BLSH Band_V_d12_cen,FOS_650NITS_W63_1HZ BLSH Band_V_d12_cen,0,1.4,Yes,A55
FOS_650NITS_W63_1HZ BLSH litPixel_max_cen,FOS_650NITS_W63_1HZ BLSH litPixel_max_cen,0,8,Yes,A55
FOS_650NITS_W63_1HZ BLSH litPixel_max_edg,FOS_650NITS_W63_1HZ BLSH litPixel_max_edg,0,8,Yes,A55
FOS_650NITS_W63_1HZ BLSH WKI,FOS_650NITS_W63_1HZ BLSH WKI,0,0.5,Yes,A55
FOS_650NITS_W63_1HZ CU DUVCen,FOS_650NITS_W63_1HZ CU DUVCen,0,4.7,Yes,A55
FOS_650NITS_W63_1HZ CU DUVEdge,FOS_650NITS_W63_1HZ CU DUVEdge,0,4.7,Yes,A56
FOS_650NITS_W63_1HZ CU LUCen,FOS_650NITS_W63_1HZ CU LUCen,0,0.4,Yes,A56
FOS_650NITS_W63_1HZ CU LUEdge,FOS_650NITS_W63_1HZ CU LUEdge,0,0.5,Yes,A56
FOS_10NITS_W63_10HZ WU dYOverPanelratio,FOS_10NITS_W63_10HZ WU dYOverPanelratio,70,100,Yes,A56
FOS_10NITS_W63_10HZ WU duvOverPanel,FOS_10NITS_W63_10HZ WU duvOverPanel,0,0.012,Yes,A56
FOS_10NITS_W42_10HZ WU dYExtraAratio,FOS_10NITS_W42_10HZ WU dYExtraAratio,0.88,1.12,Yes,A56
FOS_10NITS_W42_10HZ WU dYExtraBratio,FOS_10NITS_W42_10HZ WU dYExtraBratio,0.88,1.12,Yes,A57
FOS_10NITS_W42_10HZ WU dYExtraCratio,FOS_10NITS_W42_10HZ WU dYExtraCratio,0.8,1.2,Yes,A57
FOS_10NITS_W42_10HZ WU dYExtraDratio,FOS_10NITS_W42_10HZ WU dYExtraDratio,0.8,1.2,Yes,A57
FOS_10NITS_W42_10HZ WU duvExtraA,FOS_10NITS_W42_10HZ WU duvExtraA,0,0.01,Yes,A57
FOS_10NITS_W42_10HZ WU duvExtraB,FOS_10NITS_W42_10HZ WU duvExtraB,0,0.01,Yes,A57
FOS_10NITS_W42_10HZ WU duvExtraC,FOS_10NITS_W42_10HZ WU duvExtraC,0,0.015,Yes,A57
FOS_10NITS_W42_10HZ WU duvExtraD,FOS_10NITS_W42_10HZ WU duvExtraD,0,0.015,Yes,A58
FOS_10NITS_W42_10HZ WU dYOverPanelratio,FOS_10NITS_W42_10HZ WU dYOverPanelratio,70,100,Yes,A58
FOS_10NITS_W42_10HZ WU duvOverPanel,FOS_10NITS_W42_10HZ WU duvOverPanel,0,0.03,Yes,A58
FOS_10NITS_W42_10HZ BLSH Band_V_bright,FOS_10NITS_W42_10HZ BLSH Band_V_bright,0,11,Yes,A58
FOS_10NITS_W42_10HZ BLSH HL_Index,FOS_10NITS_W42_10HZ BLSH HL_Index,0,3.5,Yes,A58
FOS_10NITS_W42_10HZ BLSH dimLine_h_Index,FOS_10NITS_W42_10HZ BLSH dimLine_h_Index,0,22,Yes,A58
FOS_10NITS_W42_10HZ BLSH dimLine_v_Index,FOS_10NITS_W42_10HZ BLSH dimLine_v_Index,0,9,Yes,A59
FOS_10NITS_W42_10HZ BLSH NLD,FOS_10NITS_W42_10HZ BLSH NLD,0,35,Yes,A59
FOS_10NITS_W42_10HZ BLSH NotchFL_IndB,FOS_10NITS_W42_10HZ BLSH NotchFL_IndB,0,24,Yes,A59
FOS_10NITS_W42_10HZ BLSH Band_H_d12_cen,FOS_10NITS_W42_10HZ BLSH Band_H_d12_cen,0,5.7,Yes,A59
FOS_10NITS_W42_10HZ BLSH Band_V_d12_cen,FOS_10NITS_W42_10HZ BLSH Band_V_d12_cen,0,5.7,Yes,A59
FOS_10NITS_W42_10HZ BLSH litPixel_max_cen,FOS_10NITS_W42_10HZ BLSH litPixel_max_cen,0,40,Yes,A59
FOS_10NITS_W42_1HZ WU dYExtraAratio,FOS_10NITS_W42_1HZ WU dYExtraAratio,0.88,1.12,Yes,A60
FOS_10NITS_W42_1HZ WU dYExtraBratio,FOS_10NITS_W42_1HZ WU dYExtraBratio,0.88,1.12,Yes,A60
FOS_10NITS_W42_1HZ WU dYExtraCratio,FOS_10NITS_W42_1HZ WU dYExtraCratio,0.8,1.2,Yes,A60
FOS_10NITS_W42_1HZ WU dYExtraDratio,FOS_10NITS_W42_1HZ WU dYExtraDratio,0.8,1.2,Yes,A60
FOS_10NITS_W42_1HZ WU duvExtraA,FOS_10NITS_W42_1HZ WU duvExtraA,0,0.01,Yes,A60
FOS_10NITS_W42_1HZ WU duvExtraB,FOS_10NITS_W42_1HZ WU duvExtraB,0,0.01,Yes,A60
FOS_10NITS_W42_1HZ WU duvExtraC,FOS_10NITS_W42_1HZ WU duvExtraC,0,0.015,Yes,A61
FOS_10NITS_W42_1HZ WU duvExtraD,FOS_10NITS_W42_1HZ WU duvExtraD,0,0.015,Yes,A61
FOS_10NITS_W42_1HZ WU dYOverPanelratio,FOS_10NITS_W42_1HZ WU dYOverPanelratio,70,100,Yes,A61
FOS_10NITS_W42_1HZ WU duvOverPanel,FOS_10NITS_W42_1HZ WU duvOverPanel,0,0.03,Yes,A61
FOS_10NITS_W42_1HZ BLSH Band_H_bright,FOS_10NITS_W42_1HZ BLSH Band_H_bright,,2.8,Yes,A61
FOS_10NITS_W42_1HZ BLSH Band_V_bright,FOS_10NITS_W42_1HZ BLSH Band_V_bright,0,11,Yes,A61
FOS_10NITS_W42_1HZ BLSH HL_Index,FOS_10NITS_W42_1HZ BLSH HL_Index,0,3.5,Yes,A62
FOS_10NITS_W42_1HZ BLSH dimLine_h_Index,FOS_10NITS_W42_1HZ BLSH dimLine_h_Index,,22,Yes,A62
FOS_10NITS_W42_1HZ BLSH dimLine_v_Index,FOS_10NITS_W42_1HZ BLSH dimLine_v_Index,,9,Yes,A62
FOS_10NITS_W42_1HZ BLSH dimLine_v_subRegionMax,FOS_10NITS_W42_1HZ BLSH dimLine_v_subRegionMax,,9,Yes,A62
FOS_10NITS_W42_1HZ BLSH NLD,FOS_10NITS_W42_1HZ BLSH NLD,0,35,Yes,A62
FOS_10NITS_W42_1HZ BLSH NotchFL_IndB,FOS_10NITS_W42_1HZ BLSH NotchFL_IndB,0,24,Yes,A62
FOS_10NITS_W42_1HZ BLSH Band_H_d12_cen,FOS_10NITS_W42_1HZ BLSH Band_H_d12_cen,0,5.7,Yes,A63
FOS_10NITS_W42_1HZ BLSH Band_V_d12_cen,FOS_10NITS_W42_1HZ BLSH Band_V_d12_cen,0,5.7,Yes,A63
FOS_10NITS_W42_1HZ BLSH litPixel_max_cen,FOS_10NITS_W42_1HZ BLSH litPixel_max_cen,0,28,Yes,A63
FOS_10NITS_W42_1HZ BLSH litPixel_max_edg,FOS_10NITS_W42_1HZ BLSH litPixel_max_edg,0,40,Yes,A63
FOS_10NITS_W42_1HZ CU LUCen,FOS_10NITS_W42_1HZ CU LUCen,,0.5,Yes,A63
FOS_10NITS_W31_10HZ WU dYExtraAratio,FOS_10NITS_W31_10HZ WU dYExtraAratio,0.88,1.12,Yes,A63
FOS_10NITS_W31_10HZ WU dYExtraBratio,FOS_10NITS_W31_10HZ WU dYExtraBratio,0.88,1.12,Yes,A64
FOS_10NITS_W31_10HZ WU dYExtraCratio,FOS_10NITS_W31_10HZ WU dYExtraCratio,0.73,1.27,Yes,A64
FOS_10NITS_W31_10HZ WU dYExtraDratio,FOS_10NITS_W31_10HZ WU dYExtraDratio,0.73,1.27,Yes,A64
FOS_10NITS_W31_10HZ WU duvExtraA,FOS_10NITS_W31_10HZ WU duvExtraA,0,0.01,Yes,A64
FOS_10NITS_W31_10HZ WU duvExtraB,FOS_10NITS_W31_10HZ WU duvExtraB,0,0.01,Yes,A64
FOS_10NITS_W31_10HZ WU duvExtraC,FOS_10NITS_W31_10HZ WU duvExtraC,0,0.025,Yes,A64
FOS_10NITS_W31_10HZ WU duvExtraD,FOS_10NITS_W31_10HZ WU duvExtraD,0,0.025,Yes,A65
FOS_10NITS_W31_10HZ WU dYOverPanelratio,FOS_10NITS_W31_10HZ WU dYOverPanelratio,70,100,Yes,A65
FOS_10NITS_W31_10HZ WU duvOverPanel,FOS_10NITS_W31_10HZ WU duvOverPanel,0,0.03,Yes,A65
FOS_10NITS_W31_10HZ WU CenterBand,FOS_10NITS_W31_10HZ WU CenterBand,-0.12,0.12,Yes,A65
FOS_10NITS_W31_10HZ BLSH NLD,FOS_10NITS_W31_10HZ BLSH NLD,0,50,Yes,A65
FOS_10NITS_W31_10HZ BLSH NotchFL_IndB,FOS_10NITS_W31_10HZ BLSH NotchFL_IndB,0,25,Yes,A65
FOS_10NITS_W31_10HZ BLSH Band_H_d12_cen,FOS_10NITS_W31_10HZ BLSH Band_H_d12_cen,0,6,Yes,A66
FOS_10NITS_W23_10HZ WU dYExtraAratio,FOS_10NITS_W23_10HZ WU dYExtraAratio,0.88,1.12,Yes,A66
FOS_10NITS_W23_10HZ WU dYExtraBratio,FOS_10NITS_W23_10HZ WU dYExtraBratio,0.88,1.12,Yes,A66
FOS_10NITS_W23_10HZ WU dYExtraCratio,FOS_10NITS_W23_10HZ WU dYExtraCratio,0.83,1.17,Yes,A66
FOS_10NITS_W23_10HZ WU dYExtraDratio,FOS_10NITS_W23_10HZ WU dYExtraDratio,0.83,1.17,Yes,A66
FOS_10NITS_W23_10HZ WU duvExtraA,FOS_10NITS_W23_10HZ WU duvExtraA,0,0.01,Yes,A66
FOS_10NITS_W23_10HZ WU duvExtraB,FOS_10NITS_W23_10HZ WU duvExtraB,0,0.01,Yes,A67
FOS_10NITS_W23_10HZ WU duvExtraC,FOS_10NITS_W23_10HZ WU duvExtraC,0,0.025,Yes,A67
FOS_10NITS_W23_10HZ WU duvExtraD,FOS_10NITS_W23_10HZ WU duvExtraD,0,0.025,Yes,A67
FOS_10NITS_W23_10HZ WU dYOverPanelratio,FOS_10NITS_W23_10HZ WU dYOverPanelratio,70,100,Yes,A67
FOS_10NITS_W23_10HZ WU duvOverPanel,FOS_10NITS_W23_10HZ WU duvOverPanel,0,0.03,Yes,A67
FOS_10NITS_W23_10HZ WU CenterBand,FOS_10NITS_W23_10HZ WU CenterBand,-0.12,0.12,Yes,A67
FOS_10NITS_W23_10HZ BLSH NLD,FOS_10NITS_W23_10HZ BLSH NLD,0,60,Yes,A68
FOS_10NITS_W23_10HZ BLSH NotchFL_IndB,FOS_10NITS_W23_10HZ BLSH NotchFL_IndB,0,38,Yes,A68
FOS_10NITS_W23_10HZ BLSH Band_H_d12_cen,FOS_10NITS_W23_10HZ BLSH Band_H_d12_cen,0,7,Yes,A68
FOS_10NITS_W11_10HZ WU dYExtraAratio,FOS_10NITS_W11_10HZ WU dYExtraAratio,0.88,1.12,Yes,A68
FOS_10NITS_W11_10HZ WU dYExtraBratio,FOS_10NITS_W11_10HZ WU dYExtraBratio,0.88,1.12,Yes,A68
FOS_10NITS_W11_10HZ WU dYExtraCratio,FOS_10NITS_W11_10HZ WU dYExtraCratio,0.73,1.27,Yes,A68
FOS_10NITS_W11_10HZ WU dYExtraDratio,FOS_10NITS_W11_10HZ WU dYExtraDratio,0.73,1.27,Yes,A69
FOS_10NITS_W11_10HZ WU duvExtraA,FOS_10NITS_W11_10HZ WU duvExtraA,,0.017,Yes,A69
FOS_10NITS_W11_10HZ WU duvExtraB,FOS_10NITS_W11_10HZ WU duvExtraB,,0.017,Yes,A69
FOS_10NITS_W11_10HZ WU duvExtraC,FOS_10NITS_W11_10HZ WU duvExtraC,,0.025,Yes,A69
FOS_10NITS_W11_10HZ WU duvExtraD,FOS_10NITS_W11_10HZ WU duvExtraD,,0.025,Yes,A69
FOS_10NITS_W11_10HZ WU dYOverPanelratio,FOS_10NITS_W11_10HZ WU dYOverPanelratio,70,100,Yes,A69
FOS_10NITS_W11_10HZ WU duvOverPanel,FOS_10NITS_W11_10HZ WU duvOverPanel,0,0.04,Yes,A70
FOS_10NITS_W11_10HZ WU CenterBand,FOS_10NITS_W11_10HZ WU CenterBand,-0.12,0.12,Yes,A70
FOS_10NITS_W11_10HZ BLSH NLD,FOS_10NITS_W11_10HZ BLSH NLD,,100,Yes,A70
FOS_10NITS_W11_10HZ BLSH NotchFL_IndB,FOS_10NITS_W11_10HZ BLSH NotchFL_IndB,,60,Yes,A70
FOS_10NITS_W11_10HZ BLSH Band_H_d12_cen,FOS_10NITS_W11_10HZ BLSH Band_H_d12_cen,0,10,Yes,A70
FOS_10NITS_W23_120HZ WU CenterBand,FOS_10NITS_W23_120HZ WU CenterBand,-0.12,0.12,Yes,A70
FOS_10NITS_W23_120HZ BLSH Band_H_d12_cen,FOS_10NITS_W23_120HZ BLSH Band_H_d12_cen,0,7,Yes,A71
FOS_10NITS_W11_120HZ WU CenterBand,FOS_10NITS_W11_120HZ WU CenterBand,-0.12,0.12,Yes,A71
FOS_10NITS_W11_120HZ BLSH Band_H_d12_cen,FOS_10NITS_W11_120HZ BLSH Band_H_d12_cen,0,10,Yes,A71
3000NITS MEAS W255_APL30_120HZ_Y,3000NITS MEAS W255_APL30_120HZ_Y,2760,3240,Yes,A71
3000NITS MEAS W255_APL30_120HZ_duv,3000NITS MEAS W255_APL30_120HZ_duv,,0.0025,Yes,A71
1600NITS MEAS W255_APL70_120HZ_Y,1600NITS MEAS W255_APL70_120HZ_Y,1472,1728,Yes,A71
1600NITS MEAS W255_APL70_120HZ_duv,1600NITS MEAS W255_APL70_120HZ_duv,0,0.0025,Yes,A72
1200NITS MEAS W255_APL100_120HZ_Y,1200NITS MEAS W255_APL100_120HZ_Y,1104,1296,Yes,A72
1200NITS MEAS W255_APL100_120HZ_duv,1200NITS MEAS W255_APL100_120HZ_duv,0,0.0025,Yes,A72
650NITS MEAS W255_APL100_120HZ_Y,650NITS MEAS W255_APL100_120HZ_Y,598,702,Yes,A72
650NITS MEAS W255_APL100_120HZ_duv,650NITS MEAS W255_APL100_120HZ_duv,0,0.0025,Yes,A72
650NITS MEAS RED_APL100_120HZ_Y,650NITS MEAS RED_APL100_120HZ_Y,127,225,Yes,A72
650NITS MEAS RED_APL100_120HZ_x,650NITS MEAS RED_APL100_120HZ_x,0.677,0.693,Yes,A73
650NITS MEAS RED_APL100_120HZ_y,650NITS MEAS RED_APL100_120HZ_y,0.3066,0.3226,Yes,A73
650NITS MEAS GREEN_APL100_120HZ_Y,650NITS MEAS GREEN_APL100_120HZ_Y,377,579,Yes,A73
650NITS MEAS GREEN_APL100_120HZ_x,650NITS MEAS GREEN_APL100_120HZ_x,0.2096,0.2796,Yes,A73
650NITS MEAS GREEN_APL100_120HZ_y,650NITS MEAS GREEN_APL100_120HZ_y,0.6993,0.7423,Yes,A73
650NITS MEAS BLUE_APL100_120HZ_Y,650NITS MEAS BLUE_APL100_120HZ_Y,20,67,Yes,A73
650NITS MEAS BLUE_APL100_120HZ_x,650NITS MEAS BLUE_APL100_120HZ_x,0.1307,0.1427,Yes,A74
650NITS MEAS BLUE_APL100_120HZ_y,650NITS MEAS BLUE_APL100_120HZ_y,0.0316,0.0586,Yes,A74
650NITS MEAS W151_APL100_120HZ_duv,650NITS MEAS W151_APL100_120HZ_duv,0,0.0041,Yes,A74
650NITS MEAS W87_APL100_120HZ_duv,650NITS MEAS W87_APL100_120HZ_duv,0,0.0041,Yes,A74
650NITS MEAS W51_APL100_120HZ_duv,650NITS MEAS W51_APL100_120HZ_duv,0,0.0045,Yes,A74
650NITS_GL GL gamma,650NITS_GL GL gamma,2.15,2.25,Yes,A74
500NITS MEAS W255_APL100_1HZ_Y,500NITS MEAS W255_APL100_1HZ_Y,460,540,Yes,A75
500NITS MEAS W255_APL100_1HZ_duv,500NITS MEAS W255_APL100_1HZ_duv,0,0.0025,Yes,A75
100NITS MEAS W255_APL100_120HZ_Y,100NITS MEAS W255_APL100_120HZ_Y,91.5,108.5,Yes,A75
100NITS MEAS W255_APL100_120HZ_duv,100NITS MEAS W255_APL100_120HZ_duv,0,0.0025,Yes,A75
10NITS MEAS W255_APL100_120HZ_Y,10NITS MEAS W255_APL100_120HZ_Y,8.8,11.2,Yes,A75
10NITS MEAS W255_APL100_120HZ_duv,10NITS MEAS W255_APL100_120HZ_duv,0,0.0025,Yes,A75
4NITS MEAS W255_APL100_120HZ_Y,4NITS MEAS W255_APL100_120HZ_Y,3.2,4.8,Yes,A76
4NITS MEAS W255_APL100_120HZ_duv,4NITS MEAS W255_APL100_120HZ_duv,0,0.003,Yes,A76
OFF_AXIS_650NITS MEAS W255_60d_Y,OFF_AXIS_650NITS MEAS W255_60d_Y,68.9,206.8,Yes,A76
OFF_AXIS_650NITS MEAS W255_45d_Y,OFF_AXIS_650NITS MEAS W255_45d_Y,163.5,381.5,Yes,A76
OFF_AXIS_650NITS MEAS W255_30d_Y,OFF_AXIS_650NITS MEAS W255_30d_Y,344.6,640.1,Yes,A76
10NITS_LL LL red_crush,10NITS_LL LL red_crush,0.85,1.1,Yes,A76
10NITS_LL LL green_crush,10NITS_LL LL green_crush,0.85,1.1,Yes,A77
10NITS_LL LL blue_crush,10NITS_LL LL blue_crush,0.85,1.1,Yes,A77
COLORSPEC COLORSPEC W255_60d_polygonIndex,COLORSPEC COLORSPEC W255_60d_polygonIndex,-0.8,0.8,Yes,A77
COLORSPEC COLORSPEC W255_45d_polygonIndex,COLORSPEC COLORSPEC W255_45d_polygonIndex,-0.8,0.8,Yes,A77
COLORSPEC COLORSPEC W255_30d_polygonIndex,COLORSPEC COLORSPEC W255_30d_polygonIndex,-0.8,0.8,Yes,A77
COLORSPEC COLORSPEC polyIdx_45_minus_30,COLORSPEC COLORSPEC polyIdx_45_minus_30,-0.8,0.8,Yes,A77
COLORSPEC COLORSPEC polyIdx_60_minus_45,COLORSPEC COLORSPEC polyIdx_60_minus_45,-0.8,0.8,Yes,A78
MFR MFR MFR0,MFR MFR MFR0,-2.9,0,Yes,A78
MATH MATH 650NITS MEAS 30d_RATIO,MATH MATH 650NITS MEAS 30d_RATIO,0.6,1,Yes,A78
MATH MATH 650NITS MEAS 45d_RATIO,MATH MATH 650NITS MEAS 45d_RATIO,0.3,1,Yes,A78
MATH MATH 650NITS MEAS 60d_RATIO,MATH MATH 650NITS MEAS 60d_RATIO,0.11,1,Yes,A78
MATH_FFR_10NITS_W15_2fr_120HZ_duv,MATH_FFR_10NITS_W15_2fr_120HZ_duv,0,0.12,Yes,A78
MATH_FFR_10NITS_W15_2fr_120HZ_Y,MATH_FFR_10NITS_W15_2fr_120HZ_Y,0.1,1,Yes,A79
MATH_DCVRR_14NITS_W36_APL100_120HZ_10HZ,MATH_DCVRR_14NITS_W36_APL100_120HZ_10HZ,0.96,1.04,Yes,A79
MATH_DCVRR_14NITS_W36_APL100_120HZ_10HZ_duv,MATH_DCVRR_14NITS_W36_APL100_120HZ_10HZ_duv,0,0.0065,Yes,A79
